dataset,split,budget,method,acquisition,decoder,eval_mode,fb,dice,mae,iou
conjunctiva,1,5,baseline,none,labeled_marker,otsu,0.005,0.0024,0.1208,0.0012
conjunctiva,1,5,baseline,none,vanilla_adaptive_decoder,otsu,0.2523,0.216,0.1106,0.1609
conjunctiva,1,5,baseline,none,vanilla_adaptive_decoder_wt,otsu,0.287,0.2985,0.1666,0.2109
conjunctiva,1,5,baseline,none,decoder_2,otsu,0.0905,0.0483,0.1191,0.0257
conjunctiva,1,5,baseline,none,decoder_3,otsu,0.5719,0.5436,0.1081,0.3948
conjunctiva,1,5,baseline,none,decoder_attention,otsu,0.2323,0.2392,0.2233,0.1699
conjunctiva,1,5,baseline,none,hybrid_decoder,otsu,0.3281,0.327,0.0982,0.256
conjunctiva,1,3,no_al_seed0,random,labeled_marker,otsu,0.5444,0.4256,0.0919,0.2975
conjunctiva,1,3,no_al_seed0,random,vanilla_adaptive_decoder,otsu,0.4195,0.3353,0.0999,0.2443
conjunctiva,1,3,no_al_seed0,random,vanilla_adaptive_decoder_wt,otsu,0.3938,0.3886,0.1391,0.2674
conjunctiva,1,3,no_al_seed0,random,decoder_2,otsu,0.593,0.4959,0.092,0.3545
conjunctiva,1,3,no_al_seed0,random,decoder_3,otsu,0.6118,0.5628,0.0943,0.4158
conjunctiva,1,3,no_al_seed0,random,decoder_attention,otsu,0.3019,0.2968,0.1951,0.1942
conjunctiva,1,3,no_al_seed0,random,hybrid_decoder,otsu,0.4639,0.4023,0.0927,0.3024
conjunctiva,1,3,no_al_seed1,random,labeled_marker,otsu,0.4606,0.4353,0.1178,0.3122
conjunctiva,1,3,no_al_seed1,random,vanilla_adaptive_decoder,otsu,0.1887,0.1483,0.1227,0.0975
conjunctiva,1,3,no_al_seed1,random,vanilla_adaptive_decoder_wt,otsu,0.1735,0.1735,0.2223,0.1114
conjunctiva,1,3,no_al_seed1,random,decoder_2,otsu,0.2022,0.25,0.4282,0.15
conjunctiva,1,3,no_al_seed1,random,decoder_3,otsu,0.1898,0.2364,0.4125,0.1421
conjunctiva,1,3,no_al_seed1,random,decoder_attention,otsu,0.2091,0.2208,0.2244,0.1427
conjunctiva,1,3,no_al_seed1,random,hybrid_decoder,otsu,0.0,0.0417,0.12,0.0417
conjunctiva,1,3,no_al_seed2,random,labeled_marker,otsu,0.3954,0.2986,0.1088,0.1989
conjunctiva,1,3,no_al_seed2,random,vanilla_adaptive_decoder,otsu,0.2783,0.2061,0.1111,0.1372
conjunctiva,1,3,no_al_seed2,random,vanilla_adaptive_decoder_wt,otsu,0.3752,0.3436,0.1343,0.231
conjunctiva,1,3,no_al_seed2,random,decoder_2,otsu,0.4387,0.3408,0.1055,0.2302
conjunctiva,1,3,no_al_seed2,random,decoder_3,otsu,0.4388,0.3989,0.1463,0.268
conjunctiva,1,3,no_al_seed2,random,decoder_attention,otsu,0.2874,0.2761,0.1981,0.187
conjunctiva,1,3,no_al_seed2,random,hybrid_decoder,otsu,0.3002,0.2449,0.1139,0.1666
conjunctiva,1,3,no_al,random,labeled_marker,otsu,0.4668,0.3865,0.1062,0.2695
conjunctiva,1,3,no_al,random,vanilla_adaptive_decoder,otsu,0.2955,0.2299,0.1112,0.1597
conjunctiva,1,3,no_al,random,vanilla_adaptive_decoder_wt,otsu,0.3142,0.3019,0.1652,0.2033
conjunctiva,1,3,no_al,random,decoder_2,otsu,0.4113,0.3622,0.2086,0.2449
conjunctiva,1,3,no_al,random,decoder_3,otsu,0.4135,0.3993,0.2177,0.2753
conjunctiva,1,3,no_al,random,decoder_attention,otsu,0.2661,0.2646,0.2059,0.1746
conjunctiva,1,3,no_al,random,hybrid_decoder,otsu,0.2547,0.2296,0.1089,0.1702
conjunctiva,1,3,entropy,entropy,labeled_marker,otsu,0.0002,0.0418,0.1201,0.0417
conjunctiva,1,3,entropy,entropy,vanilla_adaptive_decoder,otsu,0.3178,0.2473,0.1075,0.1703
conjunctiva,1,3,entropy,entropy,vanilla_adaptive_decoder_wt,otsu,0.3161,0.3283,0.1785,0.228
conjunctiva,1,3,entropy,entropy,decoder_2,otsu,0.0374,0.0186,0.1199,0.0095
conjunctiva,1,3,entropy,entropy,decoder_3,otsu,0.397,0.3547,0.1377,0.2383
conjunctiva,1,3,entropy,entropy,decoder_attention,otsu,0.2439,0.2453,0.2655,0.1705
conjunctiva,1,3,entropy,entropy,hybrid_decoder,otsu,0.325,0.2706,0.1136,0.184
conjunctiva,1,3,least_confidence,least_confidence,labeled_marker,otsu,0.0138,0.0107,0.1875,0.0058
conjunctiva,1,3,least_confidence,least_confidence,vanilla_adaptive_decoder,otsu,0.1083,0.0909,0.1272,0.066
conjunctiva,1,3,least_confidence,least_confidence,vanilla_adaptive_decoder_wt,otsu,0.2888,0.2931,0.1904,0.2096
conjunctiva,1,3,least_confidence,least_confidence,decoder_2,otsu,0.0133,0.0103,0.1904,0.0055
conjunctiva,1,3,least_confidence,least_confidence,decoder_3,otsu,0.0577,0.0695,0.3756,0.0401
conjunctiva,1,3,least_confidence,least_confidence,decoder_attention,otsu,0.2963,0.3231,0.197,0.229
conjunctiva,1,3,least_confidence,least_confidence,hybrid_decoder,otsu,0.0,0.0417,0.12,0.0417
conjunctiva,1,3,margin,margin,labeled_marker,otsu,0.0138,0.0107,0.1875,0.0058
conjunctiva,1,3,margin,margin,vanilla_adaptive_decoder,otsu,0.1083,0.0909,0.1272,0.066
conjunctiva,1,3,margin,margin,vanilla_adaptive_decoder_wt,otsu,0.2888,0.2931,0.1904,0.2096
conjunctiva,1,3,margin,margin,decoder_2,otsu,0.0133,0.0103,0.1904,0.0055
conjunctiva,1,3,margin,margin,decoder_3,otsu,0.0577,0.0695,0.3756,0.0401
conjunctiva,1,3,margin,margin,decoder_attention,otsu,0.2963,0.3231,0.197,0.229
conjunctiva,1,3,margin,margin,hybrid_decoder,otsu,0.0,0.0417,0.12,0.0417
conjunctiva,1,3,region_entropy,region_entropy,labeled_marker,otsu,0.3647,0.2579,0.1047,0.1696
conjunctiva,1,3,region_entropy,region_entropy,vanilla_adaptive_decoder,otsu,0.172,0.1306,0.1204,0.0884
conjunctiva,1,3,region_entropy,region_entropy,vanilla_adaptive_decoder_wt,otsu,0.2224,0.226,0.2146,0.1648
conjunctiva,1,3,region_entropy,region_entropy,decoder_2,otsu,0.3759,0.2693,0.1045,0.1777
conjunctiva,1,3,region_entropy,region_entropy,decoder_3,otsu,0.4711,0.4546,0.1299,0.3173
conjunctiva,1,3,region_entropy,region_entropy,decoder_attention,otsu,0.1602,0.1737,0.2878,0.1176
conjunctiva,1,3,region_entropy,region_entropy,hybrid_decoder,otsu,0.2032,0.1741,0.1141,0.1221
conjunctiva,1,3,region_bald,region_bald,labeled_marker,otsu,0.005,0.0024,0.1208,0.0012
conjunctiva,1,3,region_bald,region_bald,vanilla_adaptive_decoder,otsu,0.2523,0.216,0.1106,0.1609
conjunctiva,1,3,region_bald,region_bald,vanilla_adaptive_decoder_wt,otsu,0.287,0.2985,0.1666,0.2109
conjunctiva,1,3,region_bald,region_bald,decoder_2,otsu,0.0905,0.0483,0.1191,0.0257
conjunctiva,1,3,region_bald,region_bald,decoder_3,otsu,0.5719,0.5436,0.1081,0.3948
conjunctiva,1,3,region_bald,region_bald,decoder_attention,otsu,0.2323,0.2392,0.2233,0.1699
conjunctiva,1,3,region_bald,region_bald,hybrid_decoder,otsu,0.3281,0.327,0.0982,0.256
conjunctiva,1,5,no_al_seed0,random,labeled_marker,otsu,0.5644,0.4512,0.0901,0.3202
conjunctiva,1,5,no_al_seed0,random,vanilla_adaptive_decoder,otsu,0.3696,0.2956,0.1093,0.208
conjunctiva,1,5,no_al_seed0,random,vanilla_adaptive_decoder_wt,otsu,0.4463,0.4582,0.1623,0.3331
conjunctiva,1,5,no_al_seed0,random,decoder_2,otsu,0.6488,0.5694,0.0851,0.4195
conjunctiva,1,5,no_al_seed0,random,decoder_3,otsu,0.6492,0.6215,0.0886,0.4736
conjunctiva,1,5,no_al_seed0,random,decoder_attention,otsu,0.303,0.3031,0.1865,0.2166
conjunctiva,1,5,no_al_seed0,random,hybrid_decoder,otsu,0.4127,0.3531,0.0992,0.2585
conjunctiva,1,5,no_al_seed1,random,labeled_marker,otsu,0.4354,0.4806,0.2015,0.3328
conjunctiva,1,5,no_al_seed1,random,vanilla_adaptive_decoder,otsu,0.3204,0.2609,0.1103,0.1846
conjunctiva,1,5,no_al_seed1,random,vanilla_adaptive_decoder_wt,otsu,0.3873,0.3665,0.1587,0.2535
conjunctiva,1,5,no_al_seed1,random,decoder_2,otsu,0.4661,0.5056,0.2007,0.3606
conjunctiva,1,5,no_al_seed1,random,decoder_3,otsu,0.4244,0.4962,0.2484,0.3468
conjunctiva,1,5,no_al_seed1,random,decoder_attention,otsu,0.3301,0.3273,0.1923,0.2248
conjunctiva,1,5,no_al_seed1,random,hybrid_decoder,otsu,0.3648,0.3061,0.0979,0.2287
conjunctiva,1,5,no_al_seed2,random,labeled_marker,otsu,0.6379,0.5182,0.0817,0.3772
conjunctiva,1,5,no_al_seed2,random,vanilla_adaptive_decoder,otsu,0.3064,0.2471,0.115,0.1726
conjunctiva,1,5,no_al_seed2,random,vanilla_adaptive_decoder_wt,otsu,0.3504,0.3234,0.1505,0.2287
conjunctiva,1,5,no_al_seed2,random,decoder_2,otsu,0.6957,0.6727,0.0743,0.5362
conjunctiva,1,5,no_al_seed2,random,decoder_3,otsu,0.6804,0.6879,0.0816,0.5559
conjunctiva,1,5,no_al_seed2,random,decoder_attention,otsu,0.2959,0.3082,0.2104,0.2134
conjunctiva,1,5,no_al_seed2,random,hybrid_decoder,otsu,0.3739,0.3087,0.1031,0.228
conjunctiva,1,5,no_al,random,labeled_marker,otsu,0.5459,0.4833,0.1245,0.3434
conjunctiva,1,5,no_al,random,vanilla_adaptive_decoder,otsu,0.3321,0.2679,0.1115,0.1884
conjunctiva,1,5,no_al,random,vanilla_adaptive_decoder_wt,otsu,0.3947,0.3827,0.1572,0.2718
conjunctiva,1,5,no_al,random,decoder_2,otsu,0.6035,0.5826,0.12,0.4388
conjunctiva,1,5,no_al,random,decoder_3,otsu,0.5847,0.6019,0.1395,0.4588
conjunctiva,1,5,no_al,random,decoder_attention,otsu,0.3096,0.3129,0.1964,0.2183
conjunctiva,1,5,no_al,random,hybrid_decoder,otsu,0.3838,0.3226,0.1,0.2384
conjunctiva,1,5,entropy,entropy,labeled_marker,otsu,0.6659,0.5892,0.0793,0.447
conjunctiva,1,5,entropy,entropy,vanilla_adaptive_decoder,otsu,0.2442,0.1888,0.1276,0.1256
conjunctiva,1,5,entropy,entropy,vanilla_adaptive_decoder_wt,otsu,0.2582,0.2502,0.1912,0.1641
conjunctiva,1,5,entropy,entropy,decoder_2,otsu,0.5014,0.5647,0.1945,0.4193
conjunctiva,1,5,entropy,entropy,decoder_3,otsu,0.4786,0.5515,0.1972,0.4057
conjunctiva,1,5,entropy,entropy,decoder_attention,otsu,0.1724,0.1731,0.2334,0.1126
conjunctiva,1,5,entropy,entropy,hybrid_decoder,otsu,0.2649,0.2201,0.1151,0.1548
conjunctiva,1,5,least_confidence,least_confidence,labeled_marker,otsu,0.664,0.5549,0.078,0.4135
conjunctiva,1,5,least_confidence,least_confidence,vanilla_adaptive_decoder,otsu,0.2938,0.2265,0.1092,0.1557
conjunctiva,1,5,least_confidence,least_confidence,vanilla_adaptive_decoder_wt,otsu,0.3849,0.3685,0.1393,0.2624
conjunctiva,1,5,least_confidence,least_confidence,decoder_2,otsu,0.5983,0.6098,0.1278,0.4731
conjunctiva,1,5,least_confidence,least_confidence,decoder_3,otsu,0.6052,0.6334,0.1248,0.5001
conjunctiva,1,5,least_confidence,least_confidence,decoder_attention,otsu,0.3858,0.3836,0.1494,0.275
conjunctiva,1,5,least_confidence,least_confidence,hybrid_decoder,otsu,0.3509,0.3304,0.0972,0.2532
conjunctiva,1,5,margin,margin,labeled_marker,otsu,0.664,0.5549,0.078,0.4135
conjunctiva,1,5,margin,margin,vanilla_adaptive_decoder,otsu,0.2938,0.2265,0.1092,0.1557
conjunctiva,1,5,margin,margin,vanilla_adaptive_decoder_wt,otsu,0.3849,0.3685,0.1393,0.2624
conjunctiva,1,5,margin,margin,decoder_2,otsu,0.5983,0.6098,0.1278,0.4731
conjunctiva,1,5,margin,margin,decoder_3,otsu,0.6052,0.6334,0.1248,0.5001
conjunctiva,1,5,margin,margin,decoder_attention,otsu,0.3858,0.3836,0.1494,0.275
conjunctiva,1,5,margin,margin,hybrid_decoder,otsu,0.3509,0.3304,0.0972,0.2532
conjunctiva,1,5,region_entropy,region_entropy,labeled_marker,otsu,0.3424,0.2384,0.1069,0.153
conjunctiva,1,5,region_entropy,region_entropy,vanilla_adaptive_decoder,otsu,0.2262,0.1944,0.1265,0.1482
conjunctiva,1,5,region_entropy,region_entropy,vanilla_adaptive_decoder_wt,otsu,0.2115,0.2048,0.1902,0.1487
conjunctiva,1,5,region_entropy,region_entropy,decoder_2,otsu,0.3482,0.248,0.1072,0.1596
conjunctiva,1,5,region_entropy,region_entropy,decoder_3,otsu,0.6031,0.5935,0.1021,0.4438
conjunctiva,1,5,region_entropy,region_entropy,decoder_attention,otsu,0.1732,0.1855,0.2901,0.1328
conjunctiva,1,5,region_entropy,region_entropy,hybrid_decoder,otsu,0.2835,0.2951,0.0992,0.2387
conjunctiva,1,5,region_bald,region_bald,labeled_marker,otsu,0.6206,0.5098,0.0859,0.3683
conjunctiva,1,5,region_bald,region_bald,vanilla_adaptive_decoder,otsu,0.2749,0.2195,0.1053,0.162
conjunctiva,1,5,region_bald,region_bald,vanilla_adaptive_decoder_wt,otsu,0.4075,0.3885,0.148,0.2659
conjunctiva,1,5,region_bald,region_bald,decoder_2,otsu,0.6379,0.5551,0.0863,0.4081
conjunctiva,1,5,region_bald,region_bald,decoder_3,otsu,0.6425,0.6324,0.0962,0.4815
conjunctiva,1,5,region_bald,region_bald,decoder_attention,otsu,0.2329,0.2481,0.2249,0.164
conjunctiva,1,5,region_bald,region_bald,hybrid_decoder,otsu,0.3355,0.3375,0.0978,0.2665
conjunctiva,1,10,no_al_seed0,random,labeled_marker,otsu,0.6516,0.6376,0.1094,0.502
conjunctiva,1,10,no_al_seed0,random,vanilla_adaptive_decoder,otsu,0.3355,0.2635,0.1082,0.1871
conjunctiva,1,10,no_al_seed0,random,vanilla_adaptive_decoder_wt,otsu,0.3183,0.2982,0.1855,0.2039
conjunctiva,1,10,no_al_seed0,random,decoder_2,otsu,0.4206,0.4912,0.2197,0.3402
conjunctiva,1,10,no_al_seed0,random,decoder_3,otsu,0.411,0.4907,0.2507,0.3401
conjunctiva,1,10,no_al_seed0,random,decoder_attention,otsu,0.2238,0.2346,0.2499,0.1649
conjunctiva,1,10,no_al_seed0,random,hybrid_decoder,otsu,0.3579,0.3467,0.0969,0.2737
conjunctiva,1,10,no_al_seed1,random,labeled_marker,otsu,0.4679,0.5207,0.2027,0.3693
conjunctiva,1,10,no_al_seed1,random,vanilla_adaptive_decoder,otsu,0.2764,0.2242,0.1282,0.1528
conjunctiva,1,10,no_al_seed1,random,vanilla_adaptive_decoder_wt,otsu,0.2437,0.2395,0.201,0.1534
conjunctiva,1,10,no_al_seed1,random,decoder_2,otsu,0.4524,0.5008,0.1844,0.3489
conjunctiva,1,10,no_al_seed1,random,decoder_3,otsu,0.4175,0.4941,0.2536,0.344
conjunctiva,1,10,no_al_seed1,random,decoder_attention,otsu,0.2372,0.2413,0.2122,0.1621
conjunctiva,1,10,no_al_seed1,random,hybrid_decoder,otsu,0.2995,0.2508,0.114,0.1725
conjunctiva,1,10,no_al_seed2,random,labeled_marker,otsu,0.6277,0.5143,0.0802,0.3827
conjunctiva,1,10,no_al_seed2,random,vanilla_adaptive_decoder,otsu,0.3727,0.2688,0.1068,0.1785
conjunctiva,1,10,no_al_seed2,random,vanilla_adaptive_decoder_wt,otsu,0.26,0.2343,0.1784,0.1563
conjunctiva,1,10,no_al_seed2,random,decoder_2,otsu,0.466,0.4985,0.1889,0.3505
conjunctiva,1,10,no_al_seed2,random,decoder_3,otsu,0.4607,0.5174,0.1996,0.3677
conjunctiva,1,10,no_al_seed2,random,decoder_attention,otsu,0.2719,0.3007,0.2347,0.201
conjunctiva,1,10,no_al_seed2,random,hybrid_decoder,otsu,0.465,0.3876,0.0944,0.2804
conjunctiva,1,10,no_al,random,labeled_marker,otsu,0.5824,0.5575,0.1308,0.418
conjunctiva,1,10,no_al,random,vanilla_adaptive_decoder,otsu,0.3282,0.2522,0.1144,0.1728
conjunctiva,1,10,no_al,random,vanilla_adaptive_decoder_wt,otsu,0.274,0.2573,0.1883,0.1712
conjunctiva,1,10,no_al,random,decoder_2,otsu,0.4463,0.4968,0.1976,0.3465
conjunctiva,1,10,no_al,random,decoder_3,otsu,0.4298,0.5007,0.2347,0.3506
conjunctiva,1,10,no_al,random,decoder_attention,otsu,0.2443,0.2589,0.2323,0.176
conjunctiva,1,10,no_al,random,hybrid_decoder,otsu,0.3741,0.3284,0.1018,0.2422
conjunctiva,1,10,entropy,entropy,labeled_marker,otsu,0.6175,0.4929,0.0834,0.3498
conjunctiva,1,10,entropy,entropy,vanilla_adaptive_decoder,otsu,0.2805,0.2319,0.1166,0.1679
conjunctiva,1,10,entropy,entropy,vanilla_adaptive_decoder_wt,otsu,0.2231,0.2201,0.2229,0.1515
conjunctiva,1,10,entropy,entropy,decoder_2,otsu,0.3651,0.4198,0.2657,0.2789
conjunctiva,1,10,entropy,entropy,decoder_3,otsu,0.3998,0.4779,0.2613,0.3302
conjunctiva,1,10,entropy,entropy,decoder_attention,otsu,0.2824,0.2883,0.21,0.2026
conjunctiva,1,10,entropy,entropy,hybrid_decoder,otsu,0.3441,0.2935,0.1003,0.2172
conjunctiva,1,10,least_confidence,least_confidence,labeled_marker,otsu,0.6437,0.5201,0.0808,0.3735
conjunctiva,1,10,least_confidence,least_confidence,vanilla_adaptive_decoder,otsu,0.3201,0.2664,0.11,0.1884
conjunctiva,1,10,least_confidence,least_confidence,vanilla_adaptive_decoder_wt,otsu,0.3917,0.3799,0.1373,0.2674
conjunctiva,1,10,least_confidence,least_confidence,decoder_2,otsu,0.7085,0.6696,0.0672,0.536
conjunctiva,1,10,least_confidence,least_confidence,decoder_3,otsu,0.7062,0.6845,0.0827,0.5543
conjunctiva,1,10,least_confidence,least_confidence,decoder_attention,otsu,0.2746,0.2724,0.1769,0.1869
conjunctiva,1,10,least_confidence,least_confidence,hybrid_decoder,otsu,0.403,0.3404,0.0996,0.256
conjunctiva,1,10,margin,margin,labeled_marker,otsu,0.6437,0.5201,0.0808,0.3735
conjunctiva,1,10,margin,margin,vanilla_adaptive_decoder,otsu,0.3201,0.2664,0.11,0.1884
conjunctiva,1,10,margin,margin,vanilla_adaptive_decoder_wt,otsu,0.3917,0.3799,0.1373,0.2674
conjunctiva,1,10,margin,margin,decoder_2,otsu,0.7085,0.6696,0.0672,0.536
conjunctiva,1,10,margin,margin,decoder_3,otsu,0.7062,0.6845,0.0827,0.5543
conjunctiva,1,10,margin,margin,decoder_attention,otsu,0.2746,0.2724,0.1769,0.1869
conjunctiva,1,10,margin,margin,hybrid_decoder,otsu,0.403,0.3404,0.0996,0.256
conjunctiva,1,10,region_entropy,region_entropy,labeled_marker,otsu,0.565,0.4563,0.0909,0.3232
conjunctiva,1,10,region_entropy,region_entropy,vanilla_adaptive_decoder,otsu,0.2088,0.1745,0.1381,0.1212
conjunctiva,1,10,region_entropy,region_entropy,vanilla_adaptive_decoder_wt,otsu,0.215,0.223,0.2466,0.1407
conjunctiva,1,10,region_entropy,region_entropy,decoder_2,otsu,0.5926,0.521,0.0911,0.3798
conjunctiva,1,10,region_entropy,region_entropy,decoder_3,otsu,0.5326,0.5305,0.12,0.3826
conjunctiva,1,10,region_entropy,region_entropy,decoder_attention,otsu,0.2462,0.2614,0.1909,0.1717
conjunctiva,1,10,region_entropy,region_entropy,hybrid_decoder,otsu,0.2828,0.2522,0.1047,0.1904
conjunctiva,1,10,region_bald,region_bald,labeled_marker,otsu,0.127,0.0762,0.1172,0.0446
conjunctiva,1,10,region_bald,region_bald,vanilla_adaptive_decoder,otsu,0.2227,0.1831,0.1212,0.1247
conjunctiva,1,10,region_bald,region_bald,vanilla_adaptive_decoder_wt,otsu,0.2747,0.2746,0.1905,0.1824
conjunctiva,1,10,region_bald,region_bald,decoder_2,otsu,0.3658,0.3485,0.1735,0.2236
conjunctiva,1,10,region_bald,region_bald,decoder_3,otsu,0.3844,0.4103,0.2053,0.2703
conjunctiva,1,10,region_bald,region_bald,decoder_attention,otsu,0.2069,0.2155,0.2169,0.1404
conjunctiva,1,10,region_bald,region_bald,hybrid_decoder,otsu,0.186,0.1614,0.1242,0.1084
conjunctiva,2,5,baseline,none,labeled_marker,otsu,0.5045,0.5334,0.2052,0.3765
conjunctiva,2,5,baseline,none,vanilla_adaptive_decoder,otsu,0.2364,0.1753,0.1341,0.1165
conjunctiva,2,5,baseline,none,vanilla_adaptive_decoder_wt,otsu,0.2168,0.2302,0.2506,0.1538
conjunctiva,2,5,baseline,none,decoder_2,otsu,0.4547,0.5151,0.2297,0.3593
conjunctiva,2,5,baseline,none,decoder_3,otsu,0.4473,0.5203,0.2398,0.3651
conjunctiva,2,5,baseline,none,decoder_attention,otsu,0.1446,0.143,0.2907,0.0881
conjunctiva,2,5,baseline,none,hybrid_decoder,otsu,0.2803,0.2366,0.1308,0.1638
conjunctiva,2,3,no_al_seed0,random,labeled_marker,otsu,0.0343,0.0172,0.1358,0.0089
conjunctiva,2,3,no_al_seed0,random,vanilla_adaptive_decoder,otsu,0.3839,0.3077,0.1191,0.2153
conjunctiva,2,3,no_al_seed0,random,vanilla_adaptive_decoder_wt,otsu,0.3784,0.3678,0.1995,0.2479
conjunctiva,2,3,no_al_seed0,random,decoder_2,otsu,0.1566,0.0886,0.132,0.0493
conjunctiva,2,3,no_al_seed0,random,decoder_3,otsu,0.5583,0.504,0.1159,0.3552
conjunctiva,2,3,no_al_seed0,random,decoder_attention,otsu,0.3796,0.3631,0.1771,0.2385
conjunctiva,2,3,no_al_seed0,random,hybrid_decoder,otsu,0.3849,0.329,0.117,0.234
conjunctiva,2,3,no_al_seed1,random,labeled_marker,otsu,0.631,0.5126,0.0953,0.363
conjunctiva,2,3,no_al_seed1,random,vanilla_adaptive_decoder,otsu,0.398,0.32,0.1193,0.2249
conjunctiva,2,3,no_al_seed1,random,vanilla_adaptive_decoder_wt,otsu,0.4316,0.4065,0.1712,0.2811
conjunctiva,2,3,no_al_seed1,random,decoder_2,otsu,0.6801,0.6133,0.0902,0.453
conjunctiva,2,3,no_al_seed1,random,decoder_3,otsu,0.7307,0.6922,0.0809,0.5348
conjunctiva,2,3,no_al_seed1,random,decoder_attention,otsu,0.2856,0.2557,0.23,0.1625
conjunctiva,2,3,no_al_seed1,random,hybrid_decoder,otsu,0.4549,0.3718,0.1094,0.2655
conjunctiva,2,3,no_al_seed2,random,labeled_marker,otsu,0.3901,0.4749,0.2992,0.3231
conjunctiva,2,3,no_al_seed2,random,vanilla_adaptive_decoder,otsu,0.213,0.1755,0.1456,0.124
conjunctiva,2,3,no_al_seed2,random,vanilla_adaptive_decoder_wt,otsu,0.2773,0.2651,0.1903,0.1768
conjunctiva,2,3,no_al_seed2,random,decoder_2,otsu,0.1449,0.1484,0.2654,0.0827
conjunctiva,2,3,no_al_seed2,random,decoder_3,otsu,0.3546,0.4431,0.3085,0.2948
conjunctiva,2,3,no_al_seed2,random,decoder_attention,otsu,0.2006,0.2151,0.2396,0.1392
conjunctiva,2,3,no_al_seed2,random,hybrid_decoder,otsu,0.2298,0.19,0.1275,0.1357
conjunctiva,2,3,no_al,random,labeled_marker,otsu,0.3518,0.3349,0.1768,0.2317
conjunctiva,2,3,no_al,random,vanilla_adaptive_decoder,otsu,0.3317,0.2678,0.128,0.1881
conjunctiva,2,3,no_al,random,vanilla_adaptive_decoder_wt,otsu,0.3624,0.3464,0.187,0.2353
conjunctiva,2,3,no_al,random,decoder_2,otsu,0.3272,0.2834,0.1625,0.195
conjunctiva,2,3,no_al,random,decoder_3,otsu,0.5479,0.5464,0.1684,0.3949
conjunctiva,2,3,no_al,random,decoder_attention,otsu,0.2886,0.278,0.2156,0.1801
conjunctiva,2,3,no_al,random,hybrid_decoder,otsu,0.3566,0.2969,0.118,0.2117
conjunctiva,2,3,entropy,entropy,labeled_marker,otsu,0.5493,0.4165,0.1035,0.2855
conjunctiva,2,3,entropy,entropy,vanilla_adaptive_decoder,otsu,0.4054,0.3149,0.1205,0.2172
conjunctiva,2,3,entropy,entropy,vanilla_adaptive_decoder_wt,otsu,0.3617,0.3395,0.2034,0.2268
conjunctiva,2,3,entropy,entropy,decoder_2,otsu,0.6109,0.499,0.103,0.3385
conjunctiva,2,3,entropy,entropy,decoder_3,otsu,0.6478,0.5813,0.0987,0.4233
conjunctiva,2,3,entropy,entropy,decoder_attention,otsu,0.3062,0.2847,0.2185,0.1886
conjunctiva,2,3,entropy,entropy,hybrid_decoder,otsu,0.4969,0.4241,0.1097,0.3053
conjunctiva,2,3,least_confidence,least_confidence,labeled_marker,otsu,0.5955,0.4656,0.0988,0.3229
conjunctiva,2,3,least_confidence,least_confidence,vanilla_adaptive_decoder,otsu,0.4344,0.3505,0.1167,0.243
conjunctiva,2,3,least_confidence,least_confidence,vanilla_adaptive_decoder_wt,otsu,0.4592,0.4226,0.163,0.2931
conjunctiva,2,3,least_confidence,least_confidence,decoder_2,otsu,0.5797,0.4424,0.106,0.2896
conjunctiva,2,3,least_confidence,least_confidence,decoder_3,otsu,0.7137,0.6384,0.084,0.4763
conjunctiva,2,3,least_confidence,least_confidence,decoder_attention,otsu,0.3527,0.3369,0.1906,0.2247
conjunctiva,2,3,least_confidence,least_confidence,hybrid_decoder,otsu,0.5312,0.4529,0.1007,0.3331
conjunctiva,2,3,margin,margin,labeled_marker,otsu,0.5955,0.4656,0.0988,0.3229
conjunctiva,2,3,margin,margin,vanilla_adaptive_decoder,otsu,0.4344,0.3505,0.1167,0.243
conjunctiva,2,3,margin,margin,vanilla_adaptive_decoder_wt,otsu,0.4592,0.4226,0.163,0.2931
conjunctiva,2,3,margin,margin,decoder_2,otsu,0.5797,0.4424,0.106,0.2896
conjunctiva,2,3,margin,margin,decoder_3,otsu,0.7137,0.6384,0.084,0.4763
conjunctiva,2,3,margin,margin,decoder_attention,otsu,0.3527,0.3369,0.1906,0.2247
conjunctiva,2,3,margin,margin,hybrid_decoder,otsu,0.5312,0.4529,0.1007,0.3331
conjunctiva,2,3,region_entropy,region_entropy,labeled_marker,otsu,0.4656,0.5264,0.243,0.3724
conjunctiva,2,3,region_entropy,region_entropy,vanilla_adaptive_decoder,otsu,0.3343,0.2496,0.124,0.1666
conjunctiva,2,3,region_entropy,region_entropy,vanilla_adaptive_decoder_wt,otsu,0.2866,0.2602,0.2031,0.1834
conjunctiva,2,3,region_entropy,region_entropy,decoder_2,otsu,0.3126,0.3702,0.3215,0.2371
conjunctiva,2,3,region_entropy,region_entropy,decoder_3,otsu,0.3654,0.4426,0.2917,0.2945
conjunctiva,2,3,region_entropy,region_entropy,decoder_attention,otsu,0.3453,0.3186,0.2011,0.2173
conjunctiva,2,3,region_entropy,region_entropy,hybrid_decoder,otsu,0.3786,0.2817,0.1145,0.1933
conjunctiva,2,3,region_bald,region_bald,labeled_marker,otsu,0.7259,0.6015,0.0802,0.4441
conjunctiva,2,3,region_bald,region_bald,vanilla_adaptive_decoder,otsu,0.4293,0.3278,0.1189,0.2202
conjunctiva,2,3,region_bald,region_bald,vanilla_adaptive_decoder_wt,otsu,0.3818,0.3392,0.1769,0.226
conjunctiva,2,3,region_bald,region_bald,decoder_2,otsu,0.3391,0.4188,0.3268,0.2743
conjunctiva,2,3,region_bald,region_bald,decoder_3,otsu,0.3245,0.4033,0.3193,0.2644
conjunctiva,2,3,region_bald,region_bald,decoder_attention,otsu,0.4472,0.3808,0.1287,0.2623
conjunctiva,2,3,region_bald,region_bald,hybrid_decoder,otsu,0.5087,0.3872,0.108,0.2648
conjunctiva,2,5,no_al_seed0,random,labeled_marker,otsu,0.6249,0.4809,0.0952,0.3348
conjunctiva,2,5,no_al_seed0,random,vanilla_adaptive_decoder,otsu,0.3413,0.2682,0.1245,0.1878
conjunctiva,2,5,no_al_seed0,random,vanilla_adaptive_decoder_wt,otsu,0.3533,0.3433,0.1997,0.2391
conjunctiva,2,5,no_al_seed0,random,decoder_2,otsu,0.7125,0.6757,0.0803,0.5227
conjunctiva,2,5,no_al_seed0,random,decoder_3,otsu,0.7555,0.7556,0.0717,0.6124
conjunctiva,2,5,no_al_seed0,random,decoder_attention,otsu,0.3677,0.3528,0.2201,0.25
conjunctiva,2,5,no_al_seed0,random,hybrid_decoder,otsu,0.3817,0.3276,0.117,0.2464
conjunctiva,2,5,no_al_seed1,random,labeled_marker,otsu,0.5083,0.4022,0.1109,0.2751
conjunctiva,2,5,no_al_seed1,random,vanilla_adaptive_decoder,otsu,0.3634,0.2913,0.1201,0.2023
conjunctiva,2,5,no_al_seed1,random,vanilla_adaptive_decoder_wt,otsu,0.3236,0.3345,0.2117,0.2202
conjunctiva,2,5,no_al_seed1,random,decoder_2,otsu,0.4433,0.322,0.1211,0.1995
conjunctiva,2,5,no_al_seed1,random,decoder_3,otsu,0.5861,0.5324,0.1095,0.3808
conjunctiva,2,5,no_al_seed1,random,decoder_attention,otsu,0.2876,0.2711,0.2203,0.1735
conjunctiva,2,5,no_al_seed1,random,hybrid_decoder,otsu,0.4275,0.3679,0.1125,0.2637
conjunctiva,2,5,no_al_seed2,random,labeled_marker,otsu,0.6674,0.5706,0.0918,0.4144
conjunctiva,2,5,no_al_seed2,random,vanilla_adaptive_decoder,otsu,0.3568,0.2988,0.1194,0.215
conjunctiva,2,5,no_al_seed2,random,vanilla_adaptive_decoder_wt,otsu,0.3621,0.3653,0.193,0.2493
conjunctiva,2,5,no_al_seed2,random,decoder_2,otsu,0.5853,0.4817,0.1067,0.3239
conjunctiva,2,5,no_al_seed2,random,decoder_3,otsu,0.6981,0.6572,0.0889,0.4983
conjunctiva,2,5,no_al_seed2,random,decoder_attention,otsu,0.2666,0.277,0.2152,0.179
conjunctiva,2,5,no_al_seed2,random,hybrid_decoder,otsu,0.3972,0.3477,0.1094,0.262
conjunctiva,2,5,no_al,random,labeled_marker,otsu,0.6002,0.4845,0.0993,0.3414
conjunctiva,2,5,no_al,random,vanilla_adaptive_decoder,otsu,0.3538,0.2861,0.1213,0.2017
conjunctiva,2,5,no_al,random,vanilla_adaptive_decoder_wt,otsu,0.3464,0.3477,0.2015,0.2362
conjunctiva,2,5,no_al,random,decoder_2,otsu,0.5804,0.4931,0.1027,0.3487
conjunctiva,2,5,no_al,random,decoder_3,otsu,0.6799,0.6484,0.0901,0.4972
conjunctiva,2,5,no_al,random,decoder_attention,otsu,0.3073,0.3003,0.2186,0.2008
conjunctiva,2,5,no_al,random,hybrid_decoder,otsu,0.4021,0.3477,0.113,0.2574
conjunctiva,2,5,entropy,entropy,labeled_marker,otsu,0.09,0.0683,0.1944,0.037
conjunctiva,2,5,entropy,entropy,vanilla_adaptive_decoder,otsu,0.1901,0.1487,0.1371,0.1089
conjunctiva,2,5,entropy,entropy,vanilla_adaptive_decoder_wt,otsu,0.2121,0.212,0.1967,0.1452
conjunctiva,2,5,entropy,entropy,decoder_2,otsu,0.1711,0.201,0.3466,0.1164
conjunctiva,2,5,entropy,entropy,decoder_3,otsu,0.1806,0.2225,0.3894,0.13
conjunctiva,2,5,entropy,entropy,decoder_attention,otsu,0.1683,0.167,0.2736,0.1175
conjunctiva,2,5,entropy,entropy,hybrid_decoder,otsu,0.2973,0.2611,0.1182,0.1962
conjunctiva,2,5,least_confidence,least_confidence,labeled_marker,otsu,0.331,0.2097,0.1205,0.1281
conjunctiva,2,5,least_confidence,least_confidence,vanilla_adaptive_decoder,otsu,0.1698,0.127,0.14,0.0782
conjunctiva,2,5,least_confidence,least_confidence,vanilla_adaptive_decoder_wt,otsu,0.213,0.211,0.2302,0.1354
conjunctiva,2,5,least_confidence,least_confidence,decoder_2,otsu,0.3485,0.2237,0.1196,0.1373
conjunctiva,2,5,least_confidence,least_confidence,decoder_3,otsu,0.5581,0.5203,0.1202,0.3698
conjunctiva,2,5,least_confidence,least_confidence,decoder_attention,otsu,0.3835,0.4042,0.2015,0.2731
conjunctiva,2,5,least_confidence,least_confidence,hybrid_decoder,otsu,0.2578,0.2262,0.1274,0.1618
conjunctiva,2,5,margin,margin,labeled_marker,otsu,0.331,0.2097,0.1205,0.1281
conjunctiva,2,5,margin,margin,vanilla_adaptive_decoder,otsu,0.1698,0.127,0.14,0.0782
conjunctiva,2,5,margin,margin,vanilla_adaptive_decoder_wt,otsu,0.213,0.211,0.2302,0.1354
conjunctiva,2,5,margin,margin,decoder_2,otsu,0.3485,0.2237,0.1196,0.1373
conjunctiva,2,5,margin,margin,decoder_3,otsu,0.5581,0.5203,0.1202,0.3698
conjunctiva,2,5,margin,margin,decoder_attention,otsu,0.3835,0.4042,0.2015,0.2731
conjunctiva,2,5,margin,margin,hybrid_decoder,otsu,0.2578,0.2262,0.1274,0.1618
conjunctiva,2,5,region_entropy,region_entropy,labeled_marker,otsu,0.6152,0.5399,0.1059,0.3829
conjunctiva,2,5,region_entropy,region_entropy,vanilla_adaptive_decoder,otsu,0.474,0.3582,0.1114,0.2437
conjunctiva,2,5,region_entropy,region_entropy,vanilla_adaptive_decoder_wt,otsu,0.4888,0.4349,0.1348,0.2987
conjunctiva,2,5,region_entropy,region_entropy,decoder_2,otsu,0.3905,0.3754,0.1725,0.2396
conjunctiva,2,5,region_entropy,region_entropy,decoder_3,otsu,0.522,0.5333,0.156,0.3731
conjunctiva,2,5,region_entropy,region_entropy,decoder_attention,otsu,0.3646,0.3169,0.1807,0.2042
conjunctiva,2,5,region_entropy,region_entropy,hybrid_decoder,otsu,0.5217,0.419,0.1104,0.2885
conjunctiva,2,5,region_bald,region_bald,labeled_marker,otsu,0.6672,0.5711,0.0935,0.4103
conjunctiva,2,5,region_bald,region_bald,vanilla_adaptive_decoder,otsu,0.3678,0.2741,0.123,0.1832
conjunctiva,2,5,region_bald,region_bald,vanilla_adaptive_decoder_wt,otsu,0.3743,0.3234,0.1661,0.2162
conjunctiva,2,5,region_bald,region_bald,decoder_2,otsu,0.6143,0.6008,0.113,0.4345
conjunctiva,2,5,region_bald,region_bald,decoder_3,otsu,0.6671,0.6668,0.1002,0.5034
conjunctiva,2,5,region_bald,region_bald,decoder_attention,otsu,0.4645,0.3946,0.1251,0.2789
conjunctiva,2,5,region_bald,region_bald,hybrid_decoder,otsu,0.4244,0.3457,0.1181,0.2421
conjunctiva,2,10,no_al_seed0,random,labeled_marker,otsu,0.5377,0.4403,0.1117,0.2962
conjunctiva,2,10,no_al_seed0,random,vanilla_adaptive_decoder,otsu,0.2622,0.1945,0.135,0.129
conjunctiva,2,10,no_al_seed0,random,vanilla_adaptive_decoder_wt,otsu,0.1392,0.1385,0.2476,0.0819
conjunctiva,2,10,no_al_seed0,random,decoder_2,otsu,0.4339,0.4947,0.2543,0.3401
conjunctiva,2,10,no_al_seed0,random,decoder_3,otsu,0.3757,0.4508,0.2753,0.308
conjunctiva,2,10,no_al_seed0,random,decoder_attention,otsu,0.169,0.173,0.2706,0.1026
conjunctiva,2,10,no_al_seed0,random,hybrid_decoder,otsu,0.2976,0.2448,0.1227,0.1731
conjunctiva,2,10,no_al_seed1,random,labeled_marker,otsu,0.5385,0.4226,0.1058,0.2908
conjunctiva,2,10,no_al_seed1,random,vanilla_adaptive_decoder,otsu,0.3172,0.2561,0.134,0.1762
conjunctiva,2,10,no_al_seed1,random,vanilla_adaptive_decoder_wt,otsu,0.283,0.2944,0.2113,0.1915
conjunctiva,2,10,no_al_seed1,random,decoder_2,otsu,0.568,0.4543,0.1045,0.3145
conjunctiva,2,10,no_al_seed1,random,decoder_3,otsu,0.5736,0.5205,0.1172,0.3687
conjunctiva,2,10,no_al_seed1,random,decoder_attention,otsu,0.2054,0.1966,0.2428,0.1207
conjunctiva,2,10,no_al_seed1,random,hybrid_decoder,otsu,0.3923,0.3333,0.1163,0.2388
conjunctiva,2,10,no_al_seed2,random,labeled_marker,otsu,0.5107,0.3836,0.1079,0.2597
conjunctiva,2,10,no_al_seed2,random,vanilla_adaptive_decoder,otsu,0.327,0.2635,0.138,0.178
conjunctiva,2,10,no_al_seed2,random,vanilla_adaptive_decoder_wt,otsu,0.2894,0.2893,0.2033,0.1941
conjunctiva,2,10,no_al_seed2,random,decoder_2,otsu,0.6173,0.5081,0.1012,0.3505
conjunctiva,2,10,no_al_seed2,random,decoder_3,otsu,0.6476,0.5843,0.0995,0.4227
conjunctiva,2,10,no_al_seed2,random,decoder_attention,otsu,0.1864,0.1856,0.2685,0.1113
conjunctiva,2,10,no_al_seed2,random,hybrid_decoder,otsu,0.5202,0.4458,0.1055,0.3227
conjunctiva,2,10,no_al,random,labeled_marker,otsu,0.529,0.4155,0.1085,0.2822
conjunctiva,2,10,no_al,random,vanilla_adaptive_decoder,otsu,0.3022,0.238,0.1357,0.1611
conjunctiva,2,10,no_al,random,vanilla_adaptive_decoder_wt,otsu,0.2372,0.2407,0.2207,0.1558
conjunctiva,2,10,no_al,random,decoder_2,otsu,0.5397,0.4857,0.1533,0.335
conjunctiva,2,10,no_al,random,decoder_3,otsu,0.5323,0.5185,0.164,0.3665
conjunctiva,2,10,no_al,random,decoder_attention,otsu,0.187,0.1851,0.2607,0.1115
conjunctiva,2,10,no_al,random,hybrid_decoder,otsu,0.4034,0.3413,0.1148,0.2449
conjunctiva,2,10,entropy,entropy,labeled_marker,otsu,0.5885,0.4761,0.102,0.3331
conjunctiva,2,10,entropy,entropy,vanilla_adaptive_decoder,otsu,0.3988,0.317,0.1163,0.2235
conjunctiva,2,10,entropy,entropy,vanilla_adaptive_decoder_wt,otsu,0.3969,0.3789,0.1752,0.2575
conjunctiva,2,10,entropy,entropy,decoder_2,otsu,0.5263,0.3991,0.1133,0.2535
conjunctiva,2,10,entropy,entropy,decoder_3,otsu,0.6811,0.6261,0.0918,0.4655
conjunctiva,2,10,entropy,entropy,decoder_attention,otsu,0.2774,0.2691,0.2222,0.1688
conjunctiva,2,10,entropy,entropy,hybrid_decoder,otsu,0.4666,0.4003,0.1054,0.2944
conjunctiva,2,10,least_confidence,least_confidence,labeled_marker,otsu,0.6556,0.5179,0.0904,0.3672
conjunctiva,2,10,least_confidence,least_confidence,vanilla_adaptive_decoder,otsu,0.3727,0.3106,0.1235,0.2162
conjunctiva,2,10,least_confidence,least_confidence,vanilla_adaptive_decoder_wt,otsu,0.4336,0.4304,0.1665,0.2915
conjunctiva,2,10,least_confidence,least_confidence,decoder_2,otsu,0.7012,0.6117,0.0871,0.4469
conjunctiva,2,10,least_confidence,least_confidence,decoder_3,otsu,0.6866,0.6453,0.0928,0.4834
conjunctiva,2,10,least_confidence,least_confidence,decoder_attention,otsu,0.3019,0.2979,0.2005,0.195
conjunctiva,2,10,least_confidence,least_confidence,hybrid_decoder,otsu,0.4242,0.3628,0.1077,0.2737
conjunctiva,2,10,margin,margin,labeled_marker,otsu,0.6556,0.5179,0.0904,0.3672
conjunctiva,2,10,margin,margin,vanilla_adaptive_decoder,otsu,0.3727,0.3106,0.1235,0.2162
conjunctiva,2,10,margin,margin,vanilla_adaptive_decoder_wt,otsu,0.4336,0.4304,0.1665,0.2915
conjunctiva,2,10,margin,margin,decoder_2,otsu,0.7012,0.6117,0.0871,0.4469
conjunctiva,2,10,margin,margin,decoder_3,otsu,0.6866,0.6453,0.0928,0.4834
conjunctiva,2,10,margin,margin,decoder_attention,otsu,0.3019,0.2979,0.2005,0.195
conjunctiva,2,10,margin,margin,hybrid_decoder,otsu,0.4242,0.3628,0.1077,0.2737
conjunctiva,2,10,region_entropy,region_entropy,labeled_marker,otsu,0.2962,0.3532,0.2982,0.23
conjunctiva,2,10,region_entropy,region_entropy,vanilla_adaptive_decoder,otsu,0.3101,0.2388,0.1304,0.1601
conjunctiva,2,10,region_entropy,region_entropy,vanilla_adaptive_decoder_wt,otsu,0.2623,0.2448,0.2066,0.1552
conjunctiva,2,10,region_entropy,region_entropy,decoder_2,otsu,0.117,0.1233,0.3285,0.0712
conjunctiva,2,10,region_entropy,region_entropy,decoder_3,otsu,0.2774,0.3381,0.3058,0.2196
conjunctiva,2,10,region_entropy,region_entropy,decoder_attention,otsu,0.3349,0.3771,0.22,0.2446
conjunctiva,2,10,region_entropy,region_entropy,hybrid_decoder,otsu,0.3421,0.2694,0.1282,0.1811
conjunctiva,2,10,region_bald,region_bald,labeled_marker,otsu,0.5156,0.5515,0.1911,0.3968
conjunctiva,2,10,region_bald,region_bald,vanilla_adaptive_decoder,otsu,0.3094,0.2435,0.1279,0.1705
conjunctiva,2,10,region_bald,region_bald,vanilla_adaptive_decoder_wt,otsu,0.337,0.2848,0.1474,0.194
conjunctiva,2,10,region_bald,region_bald,decoder_2,otsu,0.3968,0.4755,0.2729,0.3192
conjunctiva,2,10,region_bald,region_bald,decoder_3,otsu,0.4035,0.4812,0.2781,0.3258
conjunctiva,2,10,region_bald,region_bald,decoder_attention,otsu,0.3499,0.2896,0.1683,0.1999
conjunctiva,2,10,region_bald,region_bald,hybrid_decoder,otsu,0.3245,0.2565,0.1225,0.1794
conjunctiva,3,5,baseline,none,labeled_marker,otsu,0.6412,0.4969,0.0873,0.3519
conjunctiva,3,5,baseline,none,vanilla_adaptive_decoder,otsu,0.4314,0.3214,0.1104,0.2136
conjunctiva,3,5,baseline,none,vanilla_adaptive_decoder_wt,otsu,0.4459,0.4078,0.1511,0.2874
conjunctiva,3,5,baseline,none,decoder_2,otsu,0.7122,0.6482,0.0861,0.4978
conjunctiva,3,5,baseline,none,decoder_3,otsu,0.7012,0.6846,0.0929,0.5401
conjunctiva,3,5,baseline,none,decoder_attention,otsu,0.3801,0.3811,0.1696,0.2552
conjunctiva,3,5,baseline,none,hybrid_decoder,otsu,0.5842,0.4828,0.0873,0.3614
conjunctiva,3,3,no_al_seed0,random,labeled_marker,otsu,0.5007,0.3805,0.0996,0.2663
conjunctiva,3,3,no_al_seed0,random,vanilla_adaptive_decoder,otsu,0.3548,0.2611,0.1216,0.1723
conjunctiva,3,3,no_al_seed0,random,vanilla_adaptive_decoder_wt,otsu,0.3824,0.3655,0.1724,0.2419
conjunctiva,3,3,no_al_seed0,random,decoder_2,otsu,0.5169,0.3988,0.1039,0.271
conjunctiva,3,3,no_al_seed0,random,decoder_3,otsu,0.5239,0.4572,0.1113,0.3202
conjunctiva,3,3,no_al_seed0,random,decoder_attention,otsu,0.3062,0.3107,0.1766,0.2074
conjunctiva,3,3,no_al_seed0,random,hybrid_decoder,otsu,0.3966,0.3185,0.115,0.2125
conjunctiva,3,3,no_al_seed1,random,labeled_marker,otsu,0.5679,0.4255,0.0941,0.2958
conjunctiva,3,3,no_al_seed1,random,vanilla_adaptive_decoder,otsu,0.4534,0.3465,0.1095,0.2385
conjunctiva,3,3,no_al_seed1,random,vanilla_adaptive_decoder_wt,otsu,0.3866,0.3642,0.1763,0.2483
conjunctiva,3,3,no_al_seed1,random,decoder_2,otsu,0.5701,0.4271,0.094,0.297
conjunctiva,3,3,no_al_seed1,random,decoder_3,otsu,0.773,0.6657,0.0668,0.5156
conjunctiva,3,3,no_al_seed1,random,decoder_attention,otsu,0.3476,0.3771,0.206,0.2524
conjunctiva,3,3,no_al_seed1,random,hybrid_decoder,otsu,0.6003,0.4976,0.0852,0.3734
conjunctiva,3,3,no_al_seed2,random,labeled_marker,otsu,0.6296,0.4961,0.0857,0.362
conjunctiva,3,3,no_al_seed2,random,vanilla_adaptive_decoder,otsu,0.3673,0.2664,0.1148,0.1774
conjunctiva,3,3,no_al_seed2,random,vanilla_adaptive_decoder_wt,otsu,0.4165,0.3709,0.1469,0.2638
conjunctiva,3,3,no_al_seed2,random,decoder_2,otsu,0.7383,0.6818,0.0747,0.5335
conjunctiva,3,3,no_al_seed2,random,decoder_3,otsu,0.6692,0.6761,0.1017,0.5261
conjunctiva,3,3,no_al_seed2,random,decoder_attention,otsu,0.3939,0.3871,0.1719,0.2695
conjunctiva,3,3,no_al_seed2,random,hybrid_decoder,otsu,0.4856,0.3904,0.1049,0.2761
conjunctiva,3,3,no_al,random,labeled_marker,otsu,0.5661,0.434,0.0931,0.308
conjunctiva,3,3,no_al,random,vanilla_adaptive_decoder,otsu,0.3918,0.2913,0.1153,0.1961
conjunctiva,3,3,no_al,random,vanilla_adaptive_decoder_wt,otsu,0.3952,0.3669,0.1652,0.2513
conjunctiva,3,3,no_al,random,decoder_2,otsu,0.6084,0.5026,0.0909,0.3672
conjunctiva,3,3,no_al,random,decoder_3,otsu,0.6554,0.5997,0.0932,0.454
conjunctiva,3,3,no_al,random,decoder_attention,otsu,0.3492,0.3583,0.1848,0.2431
conjunctiva,3,3,no_al,random,hybrid_decoder,otsu,0.4942,0.4022,0.1017,0.2873
conjunctiva,3,3,entropy,entropy,labeled_marker,otsu,0.6606,0.5232,0.0832,0.3803
conjunctiva,3,3,entropy,entropy,vanilla_adaptive_decoder,otsu,0.4853,0.3715,0.1092,0.2513
conjunctiva,3,3,entropy,entropy,vanilla_adaptive_decoder_wt,otsu,0.4602,0.4362,0.1575,0.2926
conjunctiva,3,3,entropy,entropy,decoder_2,otsu,0.733,0.6236,0.0741,0.4694
conjunctiva,3,3,entropy,entropy,decoder_3,otsu,0.8027,0.7282,0.0574,0.5924
conjunctiva,3,3,entropy,entropy,decoder_attention,otsu,0.4564,0.4302,0.1608,0.2981
conjunctiva,3,3,entropy,entropy,hybrid_decoder,otsu,0.6258,0.5204,0.0852,0.3867
conjunctiva,3,3,least_confidence,least_confidence,labeled_marker,otsu,0.5869,0.4488,0.0908,0.3193
conjunctiva,3,3,least_confidence,least_confidence,vanilla_adaptive_decoder,otsu,0.4538,0.344,0.1152,0.231
conjunctiva,3,3,least_confidence,least_confidence,vanilla_adaptive_decoder_wt,otsu,0.3645,0.3283,0.1729,0.2072
conjunctiva,3,3,least_confidence,least_confidence,decoder_2,otsu,0.6607,0.5651,0.0893,0.4144
conjunctiva,3,3,least_confidence,least_confidence,decoder_3,otsu,0.6808,0.6199,0.0875,0.4746
conjunctiva,3,3,least_confidence,least_confidence,decoder_attention,otsu,0.3245,0.3207,0.1984,0.2107
conjunctiva,3,3,least_confidence,least_confidence,hybrid_decoder,otsu,0.6354,0.5405,0.088,0.4081
conjunctiva,3,3,margin,margin,labeled_marker,otsu,0.5869,0.4488,0.0908,0.3193
conjunctiva,3,3,margin,margin,vanilla_adaptive_decoder,otsu,0.4538,0.344,0.1152,0.231
conjunctiva,3,3,margin,margin,vanilla_adaptive_decoder_wt,otsu,0.3645,0.3283,0.1729,0.2072
conjunctiva,3,3,margin,margin,decoder_2,otsu,0.6607,0.5651,0.0893,0.4144
conjunctiva,3,3,margin,margin,decoder_3,otsu,0.6808,0.6199,0.0875,0.4746
conjunctiva,3,3,margin,margin,decoder_attention,otsu,0.3245,0.3207,0.1984,0.2107
conjunctiva,3,3,margin,margin,hybrid_decoder,otsu,0.6354,0.5405,0.088,0.4081
conjunctiva,3,3,region_entropy,region_entropy,labeled_marker,otsu,0.6556,0.5175,0.083,0.3784
conjunctiva,3,3,region_entropy,region_entropy,vanilla_adaptive_decoder,otsu,0.5116,0.3783,0.1058,0.2522
conjunctiva,3,3,region_entropy,region_entropy,vanilla_adaptive_decoder_wt,otsu,0.4836,0.4088,0.1425,0.2779
conjunctiva,3,3,region_entropy,region_entropy,decoder_2,otsu,0.6898,0.5797,0.0827,0.421
conjunctiva,3,3,region_entropy,region_entropy,decoder_3,otsu,0.783,0.7142,0.0602,0.576
conjunctiva,3,3,region_entropy,region_entropy,decoder_attention,otsu,0.5054,0.475,0.1456,0.3282
conjunctiva,3,3,region_entropy,region_entropy,hybrid_decoder,otsu,0.6254,0.5176,0.0902,0.3731
conjunctiva,3,3,region_bald,region_bald,labeled_marker,otsu,0.4766,0.3614,0.1006,0.2546
conjunctiva,3,3,region_bald,region_bald,vanilla_adaptive_decoder,otsu,0.4694,0.3572,0.1059,0.2427
conjunctiva,3,3,region_bald,region_bald,vanilla_adaptive_decoder_wt,otsu,0.5512,0.5099,0.096,0.3916
conjunctiva,3,3,region_bald,region_bald,decoder_2,otsu,0.6337,0.5476,0.0909,0.3955
conjunctiva,3,3,region_bald,region_bald,decoder_3,otsu,0.6263,0.5511,0.0915,0.4062
conjunctiva,3,3,region_bald,region_bald,decoder_attention,otsu,0.5904,0.5423,0.1016,0.4206
conjunctiva,3,3,region_bald,region_bald,hybrid_decoder,otsu,0.4271,0.3399,0.1111,0.2329
conjunctiva,3,5,no_al_seed0,random,labeled_marker,otsu,0.2141,0.1297,0.123,0.0754
conjunctiva,3,5,no_al_seed0,random,vanilla_adaptive_decoder,otsu,0.23,0.1739,0.1361,0.117
conjunctiva,3,5,no_al_seed0,random,vanilla_adaptive_decoder_wt,otsu,0.1856,0.1909,0.2558,0.1217
conjunctiva,3,5,no_al_seed0,random,decoder_2,otsu,0.1945,0.1186,0.124,0.0689
conjunctiva,3,5,no_al_seed0,random,decoder_3,otsu,0.5045,0.4559,0.1222,0.3169
conjunctiva,3,5,no_al_seed0,random,decoder_attention,otsu,0.2803,0.2964,0.1891,0.2089
conjunctiva,3,5,no_al_seed0,random,hybrid_decoder,otsu,0.326,0.2627,0.1167,0.1784
conjunctiva,3,5,no_al_seed1,random,labeled_marker,otsu,0.5008,0.3577,0.1003,0.2417
conjunctiva,3,5,no_al_seed1,random,vanilla_adaptive_decoder,otsu,0.4853,0.3759,0.106,0.2566
conjunctiva,3,5,no_al_seed1,random,vanilla_adaptive_decoder_wt,otsu,0.4255,0.3909,0.1457,0.2683
conjunctiva,3,5,no_al_seed1,random,decoder_2,otsu,0.4906,0.4453,0.1548,0.2946
conjunctiva,3,5,no_al_seed1,random,decoder_3,otsu,0.5663,0.6063,0.1515,0.4502
conjunctiva,3,5,no_al_seed1,random,decoder_attention,otsu,0.3726,0.3578,0.2005,0.2463
conjunctiva,3,5,no_al_seed1,random,hybrid_decoder,otsu,0.5062,0.3872,0.1007,0.266
conjunctiva,3,5,no_al_seed2,random,labeled_marker,otsu,0.5493,0.4242,0.0944,0.3032
conjunctiva,3,5,no_al_seed2,random,vanilla_adaptive_decoder,otsu,0.3798,0.2742,0.1159,0.1794
conjunctiva,3,5,no_al_seed2,random,vanilla_adaptive_decoder_wt,otsu,0.3793,0.3398,0.1713,0.2248
conjunctiva,3,5,no_al_seed2,random,decoder_2,otsu,0.601,0.4809,0.0907,0.3468
conjunctiva,3,5,no_al_seed2,random,decoder_3,otsu,0.5844,0.5041,0.0995,0.361
conjunctiva,3,5,no_al_seed2,random,decoder_attention,otsu,0.3833,0.3681,0.1668,0.2487
conjunctiva,3,5,no_al_seed2,random,hybrid_decoder,otsu,0.4386,0.3503,0.1089,0.2384
conjunctiva,3,5,no_al,random,labeled_marker,otsu,0.4214,0.3039,0.1059,0.2067
conjunctiva,3,5,no_al,random,vanilla_adaptive_decoder,otsu,0.365,0.2747,0.1194,0.1843
conjunctiva,3,5,no_al,random,vanilla_adaptive_decoder_wt,otsu,0.3301,0.3072,0.191,0.2049
conjunctiva,3,5,no_al,random,decoder_2,otsu,0.4287,0.3483,0.1232,0.2368
conjunctiva,3,5,no_al,random,decoder_3,otsu,0.5517,0.5221,0.1244,0.376
conjunctiva,3,5,no_al,random,decoder_attention,otsu,0.3454,0.3408,0.1855,0.2346
conjunctiva,3,5,no_al,random,hybrid_decoder,otsu,0.4236,0.3334,0.1088,0.2276
conjunctiva,3,5,entropy,entropy,labeled_marker,otsu,0.7056,0.5795,0.0758,0.4391
conjunctiva,3,5,entropy,entropy,vanilla_adaptive_decoder,otsu,0.478,0.3695,0.1086,0.2523
conjunctiva,3,5,entropy,entropy,vanilla_adaptive_decoder_wt,otsu,0.5158,0.4535,0.1412,0.3252
conjunctiva,3,5,entropy,entropy,decoder_2,otsu,0.7279,0.6753,0.0775,0.5249
conjunctiva,3,5,entropy,entropy,decoder_3,otsu,0.7627,0.7275,0.0671,0.5886
conjunctiva,3,5,entropy,entropy,decoder_attention,otsu,0.4264,0.4216,0.1564,0.2929
conjunctiva,3,5,entropy,entropy,hybrid_decoder,otsu,0.5563,0.4511,0.0941,0.3241
conjunctiva,3,5,least_confidence,least_confidence,labeled_marker,otsu,0.5814,0.4475,0.092,0.3175
conjunctiva,3,5,least_confidence,least_confidence,vanilla_adaptive_decoder,otsu,0.546,0.4347,0.1007,0.3067
conjunctiva,3,5,least_confidence,least_confidence,vanilla_adaptive_decoder_wt,otsu,0.502,0.491,0.1438,0.3461
conjunctiva,3,5,least_confidence,least_confidence,decoder_2,otsu,0.7196,0.6273,0.0736,0.4846
conjunctiva,3,5,least_confidence,least_confidence,decoder_3,otsu,0.7681,0.7081,0.0646,0.5685
conjunctiva,3,5,least_confidence,least_confidence,decoder_attention,otsu,0.5104,0.4647,0.1374,0.333
conjunctiva,3,5,least_confidence,least_confidence,hybrid_decoder,otsu,0.6176,0.511,0.0855,0.3795
conjunctiva,3,5,margin,margin,labeled_marker,otsu,0.5814,0.4475,0.092,0.3175
conjunctiva,3,5,margin,margin,vanilla_adaptive_decoder,otsu,0.546,0.4347,0.1007,0.3067
conjunctiva,3,5,margin,margin,vanilla_adaptive_decoder_wt,otsu,0.502,0.491,0.1438,0.3461
conjunctiva,3,5,margin,margin,decoder_2,otsu,0.7196,0.6273,0.0736,0.4846
conjunctiva,3,5,margin,margin,decoder_3,otsu,0.7681,0.7081,0.0646,0.5685
conjunctiva,3,5,margin,margin,decoder_attention,otsu,0.5104,0.4647,0.1374,0.333
conjunctiva,3,5,margin,margin,hybrid_decoder,otsu,0.6176,0.511,0.0855,0.3795
conjunctiva,3,5,region_entropy,region_entropy,labeled_marker,otsu,0.5256,0.3976,0.0974,0.2796
conjunctiva,3,5,region_entropy,region_entropy,vanilla_adaptive_decoder,otsu,0.5157,0.396,0.0993,0.2745
conjunctiva,3,5,region_entropy,region_entropy,vanilla_adaptive_decoder_wt,otsu,0.5223,0.4667,0.1313,0.3457
conjunctiva,3,5,region_entropy,region_entropy,decoder_2,otsu,0.4729,0.3314,0.1091,0.208
conjunctiva,3,5,region_entropy,region_entropy,decoder_3,otsu,0.5926,0.4825,0.0926,0.3476
conjunctiva,3,5,region_entropy,region_entropy,decoder_attention,otsu,0.5285,0.515,0.1214,0.3779
conjunctiva,3,5,region_entropy,region_entropy,hybrid_decoder,otsu,0.4957,0.3831,0.102,0.2652
conjunctiva,3,5,region_bald,region_bald,labeled_marker,otsu,0.5106,0.4019,0.0995,0.2845
conjunctiva,3,5,region_bald,region_bald,vanilla_adaptive_decoder,otsu,0.5389,0.4149,0.0987,0.2872
conjunctiva,3,5,region_bald,region_bald,vanilla_adaptive_decoder_wt,otsu,0.5932,0.5156,0.1,0.3827
conjunctiva,3,5,region_bald,region_bald,decoder_2,otsu,0.5691,0.4854,0.1017,0.3397
conjunctiva,3,5,region_bald,region_bald,decoder_3,otsu,0.5892,0.5067,0.0974,0.3649
conjunctiva,3,5,region_bald,region_bald,decoder_attention,otsu,0.624,0.5365,0.0864,0.4034
conjunctiva,3,5,region_bald,region_bald,hybrid_decoder,otsu,0.5277,0.4264,0.1027,0.2948
conjunctiva,3,10,no_al_seed0,random,labeled_marker,otsu,0.5895,0.4642,0.0906,0.3356
conjunctiva,3,10,no_al_seed0,random,vanilla_adaptive_decoder,otsu,0.3673,0.2766,0.1196,0.1872
conjunctiva,3,10,no_al_seed0,random,vanilla_adaptive_decoder_wt,otsu,0.4107,0.383,0.1682,0.277
conjunctiva,3,10,no_al_seed0,random,decoder_2,otsu,0.6659,0.5884,0.085,0.4362
conjunctiva,3,10,no_al_seed0,random,decoder_3,otsu,0.7686,0.7445,0.0614,0.6047
conjunctiva,3,10,no_al_seed0,random,decoder_attention,otsu,0.3113,0.3189,0.2025,0.2183
conjunctiva,3,10,no_al_seed0,random,hybrid_decoder,otsu,0.4237,0.3472,0.1109,0.2372
conjunctiva,3,10,no_al_seed1,random,labeled_marker,otsu,0.6062,0.5247,0.1075,0.3902
conjunctiva,3,10,no_al_seed1,random,vanilla_adaptive_decoder,otsu,0.5304,0.4243,0.0988,0.3019
conjunctiva,3,10,no_al_seed1,random,vanilla_adaptive_decoder_wt,otsu,0.5211,0.507,0.1249,0.3728
conjunctiva,3,10,no_al_seed1,random,decoder_2,otsu,0.2328,0.2868,0.3642,0.1703
conjunctiva,3,10,no_al_seed1,random,decoder_3,otsu,0.2425,0.3018,0.3504,0.1826
conjunctiva,3,10,no_al_seed1,random,decoder_attention,otsu,0.4528,0.4242,0.1517,0.306
conjunctiva,3,10,no_al_seed1,random,hybrid_decoder,otsu,0.5733,0.4658,0.0917,0.3392
conjunctiva,3,10,no_al_seed2,random,labeled_marker,otsu,0.6808,0.5378,0.0819,0.3926
conjunctiva,3,10,no_al_seed2,random,vanilla_adaptive_decoder,otsu,0.2822,0.1945,0.1244,0.1239
conjunctiva,3,10,no_al_seed2,random,vanilla_adaptive_decoder_wt,otsu,0.2638,0.2645,0.1862,0.1851
conjunctiva,3,10,no_al_seed2,random,decoder_2,otsu,0.723,0.7023,0.0838,0.5616
conjunctiva,3,10,no_al_seed2,random,decoder_3,otsu,0.7212,0.7366,0.0895,0.6001
conjunctiva,3,10,no_al_seed2,random,decoder_attention,otsu,0.2893,0.3063,0.2334,0.2105
conjunctiva,3,10,no_al_seed2,random,hybrid_decoder,otsu,0.3801,0.2974,0.1095,0.2099
conjunctiva,3,10,no_al,random,labeled_marker,otsu,0.6255,0.5089,0.0933,0.3728
conjunctiva,3,10,no_al,random,vanilla_adaptive_decoder,otsu,0.3933,0.2985,0.1142,0.2043
conjunctiva,3,10,no_al,random,vanilla_adaptive_decoder_wt,otsu,0.3985,0.3848,0.1598,0.2783
conjunctiva,3,10,no_al,random,decoder_2,otsu,0.5406,0.5258,0.1776,0.3894
conjunctiva,3,10,no_al,random,decoder_3,otsu,0.5774,0.5943,0.1671,0.4625
conjunctiva,3,10,no_al,random,decoder_attention,otsu,0.3511,0.3498,0.1959,0.2449
conjunctiva,3,10,no_al,random,hybrid_decoder,otsu,0.459,0.3701,0.104,0.2621
conjunctiva,3,10,entropy,entropy,labeled_marker,otsu,0.5509,0.427,0.0955,0.3038
conjunctiva,3,10,entropy,entropy,vanilla_adaptive_decoder,otsu,0.2565,0.1808,0.1354,0.1106
conjunctiva,3,10,entropy,entropy,vanilla_adaptive_decoder_wt,otsu,0.4163,0.363,0.1715,0.2488
conjunctiva,3,10,entropy,entropy,decoder_2,otsu,0.579,0.5574,0.1146,0.4046
conjunctiva,3,10,entropy,entropy,decoder_3,otsu,0.4902,0.5045,0.1555,0.3566
conjunctiva,3,10,entropy,entropy,decoder_attention,otsu,0.3382,0.3335,0.1926,0.2199
conjunctiva,3,10,entropy,entropy,hybrid_decoder,otsu,0.3713,0.3028,0.1227,0.2088
conjunctiva,3,10,least_confidence,least_confidence,labeled_marker,otsu,0.5261,0.3948,0.0972,0.2725
conjunctiva,3,10,least_confidence,least_confidence,vanilla_adaptive_decoder,otsu,0.3205,0.2416,0.1175,0.1708
conjunctiva,3,10,least_confidence,least_confidence,vanilla_adaptive_decoder_wt,otsu,0.2795,0.2455,0.1875,0.1633
conjunctiva,3,10,least_confidence,least_confidence,decoder_2,otsu,0.6683,0.5958,0.0907,0.445
conjunctiva,3,10,least_confidence,least_confidence,decoder_3,otsu,0.6891,0.6356,0.0878,0.4892
conjunctiva,3,10,least_confidence,least_confidence,decoder_attention,otsu,0.2761,0.2708,0.2155,0.1848
conjunctiva,3,10,least_confidence,least_confidence,hybrid_decoder,otsu,0.467,0.3843,0.1027,0.2842
conjunctiva,3,10,margin,margin,labeled_marker,otsu,0.5261,0.3948,0.0972,0.2725
conjunctiva,3,10,margin,margin,vanilla_adaptive_decoder,otsu,0.3205,0.2416,0.1175,0.1708
conjunctiva,3,10,margin,margin,vanilla_adaptive_decoder_wt,otsu,0.2795,0.2455,0.1875,0.1633
conjunctiva,3,10,margin,margin,decoder_2,otsu,0.6683,0.5958,0.0907,0.445
conjunctiva,3,10,margin,margin,decoder_3,otsu,0.6891,0.6356,0.0878,0.4892
conjunctiva,3,10,margin,margin,decoder_attention,otsu,0.2761,0.2708,0.2155,0.1848
conjunctiva,3,10,margin,margin,hybrid_decoder,otsu,0.467,0.3843,0.1027,0.2842
conjunctiva,3,10,region_entropy,region_entropy,labeled_marker,otsu,0.7447,0.6811,0.0696,0.5356
conjunctiva,3,10,region_entropy,region_entropy,vanilla_adaptive_decoder,otsu,0.5501,0.435,0.0998,0.3031
conjunctiva,3,10,region_entropy,region_entropy,vanilla_adaptive_decoder_wt,otsu,0.6254,0.5651,0.0942,0.4227
conjunctiva,3,10,region_entropy,region_entropy,decoder_2,otsu,0.5601,0.5138,0.1131,0.3692
conjunctiva,3,10,region_entropy,region_entropy,decoder_3,otsu,0.7176,0.713,0.0789,0.5662
conjunctiva,3,10,region_entropy,region_entropy,decoder_attention,otsu,0.624,0.5558,0.0941,0.4154
conjunctiva,3,10,region_entropy,region_entropy,hybrid_decoder,otsu,0.5584,0.4703,0.0978,0.3403
conjunctiva,3,10,region_bald,region_bald,labeled_marker,otsu,0.378,0.2905,0.1103,0.2012
conjunctiva,3,10,region_bald,region_bald,vanilla_adaptive_decoder,otsu,0.2577,0.1795,0.1239,0.1117
conjunctiva,3,10,region_bald,region_bald,vanilla_adaptive_decoder_wt,otsu,0.317,0.2515,0.1417,0.1627
conjunctiva,3,10,region_bald,region_bald,decoder_2,otsu,0.4206,0.3243,0.1143,0.2179
conjunctiva,3,10,region_bald,region_bald,decoder_3,otsu,0.4217,0.3443,0.1197,0.2351
conjunctiva,3,10,region_bald,region_bald,decoder_attention,otsu,0.3486,0.2929,0.1289,0.2009
conjunctiva,3,10,region_bald,region_bald,hybrid_decoder,otsu,0.3374,0.2457,0.1201,0.1554
