split,budget,method,acquisition,decoder,fb,dice,mae
1,3,original_3imgs,none,labeled_marker,0.7133,0.6506,0.0
1,3,al_entropy,entropy,labeled_marker,0.6335,0.5919,0.0
1,3,random_seed0,random,labeled_marker,0.4788,0.4788,0.0
1,3,random,random,labeled_marker,0.4788,0.4788,0.0
1,5,al_entropy,entropy,labeled_marker,0.6403,0.5962,0.0
1,5,random_seed0,random,labeled_marker,0.4788,0.4788,0.0
1,5,random,random,labeled_marker,0.4788,0.4788,0.0
1,10,al_entropy,entropy,labeled_marker,0.6954,0.6415,0.0
1,10,random_seed0,random,labeled_marker,0.4788,0.4788,0.0
1,10,random,random,labeled_marker,0.4788,0.4788,0.0
2,3,original_3imgs,none,labeled_marker,0.6676,0.6149,0.0
2,3,al_entropy,entropy,labeled_marker,0.585,0.5506,0.0
2,3,random_seed0,random,labeled_marker,0.4788,0.4788,0.0
2,3,random_seed1,random,labeled_marker,0.4788,0.4788,0.0
2,3,random_seed2,random,labeled_marker,0.4822,0.4811,0.0
2,3,random,random,labeled_marker,0.4799,0.4795,0.0
2,5,al_entropy,entropy,labeled_marker,0.5681,0.5398,0.0
2,5,random_seed0,random,labeled_marker,0.4788,0.4788,0.0
2,5,random_seed1,random,labeled_marker,0.4788,0.4788,0.0
2,5,random_seed2,random,labeled_marker,0.4788,0.4788,0.0
2,5,random,random,labeled_marker,0.4788,0.4788,0.0
2,10,al_entropy,entropy,labeled_marker,0.6011,0.5665,0.0
2,10,random_seed0,random,labeled_marker,0.4788,0.4788,0.0
2,10,random_seed1,random,labeled_marker,0.4788,0.4788,0.0
2,10,random_seed2,random,labeled_marker,0.4788,0.4788,0.0
2,10,random,random,labeled_marker,0.4788,0.4788,0.0
2,15,al_entropy,entropy,labeled_marker,0.5576,0.5337,0.0
2,15,random_seed0,random,labeled_marker,0.4788,0.4788,0.0
2,15,random_seed1,random,labeled_marker,0.4788,0.4788,0.0
2,15,random_seed2,random,labeled_marker,0.4788,0.4788,0.0
2,15,random,random,labeled_marker,0.4788,0.4788,0.0
2,20,al_entropy,entropy,labeled_marker,0.5451,0.5254,0.0
2,20,random_seed0,random,labeled_marker,0.4788,0.4788,0.0
2,20,random_seed1,random,labeled_marker,0.4788,0.4788,0.0
2,20,random_seed2,random,labeled_marker,0.4788,0.4788,0.0
2,20,random,random,labeled_marker,0.4788,0.4788,0.0
3,3,original_3imgs,none,labeled_marker,0.7123,0.6494,0.0
3,3,al_entropy,entropy,labeled_marker,0.5835,0.5517,0.0
3,3,random_seed0,random,labeled_marker,0.4788,0.4788,0.0
3,3,random_seed1,random,labeled_marker,0.4788,0.4788,0.0
3,3,random_seed2,random,labeled_marker,0.5767,0.5473,0.0
3,3,random,random,labeled_marker,0.5114,0.5016,0.0
3,5,al_entropy,entropy,labeled_marker,0.571,0.539,0.0
3,5,random_seed0,random,labeled_marker,0.4798,0.4791,0.0
3,5,random_seed1,random,labeled_marker,0.4788,0.4788,0.0
3,5,random_seed2,random,labeled_marker,0.5076,0.4979,0.0
3,5,random,random,labeled_marker,0.4887,0.4853,0.0
3,10,al_entropy,entropy,labeled_marker,0.616,0.577,0.0
3,10,random_seed0,random,labeled_marker,0.4788,0.4788,0.0
3,10,random_seed1,random,labeled_marker,0.4968,0.4904,0.0
3,10,random_seed2,random,labeled_marker,0.4788,0.4788,0.0
3,10,random,random,labeled_marker,0.4848,0.4827,0.0
3,15,al_entropy,entropy,labeled_marker,0.5564,0.5337,0.0
3,15,random_seed0,random,labeled_marker,0.4788,0.4788,0.0
3,15,random_seed1,random,labeled_marker,0.4788,0.4788,0.0
3,15,random_seed2,random,labeled_marker,0.4788,0.4788,0.0
3,15,random,random,labeled_marker,0.4788,0.4788,0.0
3,20,al_entropy,entropy,labeled_marker,0.5332,0.5168,0.0
3,20,random_seed0,random,labeled_marker,0.4788,0.4788,0.0
3,20,random_seed1,random,labeled_marker,0.4788,0.4788,0.0
3,20,random_seed2,random,labeled_marker,0.4788,0.4788,0.0
3,20,random,random,labeled_marker,0.4788,0.4788,0.0
