run_id,experimento,hipotese,dataset,usuario,split,braco,variante,criterio,decoder,decoder_paper,bloco,orcamento,seed,imagens,marker_origem,fb,dice,iou,mae,fb_val,colapsou,segundos,git_commit,config_hash,esquema_origem,fonte,linha_origem,registrado_em,segundos_treino,segundos_aval,orcamento_px
da28e0da03da25d3,onde_marcar,UNKNOWN,schisto,UNKNOWN,UNKNOWN,flim,uniforme:px4000,uniforme,labeled_marker,FLIM_lm,2,3,0,000002|000013|000156,sintetico,0.445992,0.378096,0.279616,0.0238475,,UNKNOWN,105.26,6d4a06cdff6a-sujo,UNKNOWN,UNKNOWN,onde_marcar/k3/teste60/seg300,UNKNOWN,2026-09-15T05:11:55+00:00,71.85,33.42,4000
22728971638a0bee,onde_marcar,UNKNOWN,schisto,UNKNOWN,UNKNOWN,flim,uniforme:px4000,uniforme,decoder_2,FLIM_pb,2,3,0,000002|000013|000156,sintetico,0.559483,0.580847,0.448117,0.0376518,,UNKNOWN,115.63,6d4a06cdff6a-sujo,UNKNOWN,UNKNOWN,onde_marcar/k3/teste60/seg300,UNKNOWN,2026-09-15T05:12:39+00:00,71.85,43.78,4000
205703a662f4b122,onde_marcar,UNKNOWN,schisto,UNKNOWN,UNKNOWN,al,regiao_incerteza:px4000,regiao_incerteza,labeled_marker,FLIM_lm,2,3,0,000002|000013|000156,sintetico,0,0,0,0.02594,,UNKNOWN,37.54,6d4a06cdff6a-sujo,UNKNOWN,UNKNOWN,onde_marcar/k3/teste60/seg300,UNKNOWN,2026-09-15T05:14:00+00:00,9.12,28.43,4000
1c010119ec1956ea,onde_marcar,UNKNOWN,schisto,UNKNOWN,UNKNOWN,al,regiao_incerteza:px4000,regiao_incerteza,decoder_2,FLIM_pb,2,3,0,000002|000013|000156,sintetico,0.487227,0.507214,0.365641,0.0402834,,UNKNOWN,46.39,6d4a06cdff6a-sujo,UNKNOWN,UNKNOWN,onde_marcar/k3/teste60/seg300,UNKNOWN,2026-09-15T05:14:38+00:00,9.12,37.27,4000
b16bf3d79773a8b4,onde_marcar,UNKNOWN,schisto,UNKNOWN,UNKNOWN,al,regiao_aleatoria:px4000,regiao_aleatoria,labeled_marker,FLIM_lm,2,3,0,000002|000013|000156,sintetico,0.326357,0.266827,0.192052,0.0276772,,UNKNOWN,47.18,6d4a06cdff6a-sujo,UNKNOWN,UNKNOWN,onde_marcar/k3/teste60/seg300,UNKNOWN,2026-09-15T05:15:26+00:00,12.42,34.76,4000
5b795a2749eb4dbc,onde_marcar,UNKNOWN,schisto,UNKNOWN,UNKNOWN,al,regiao_aleatoria:px4000,regiao_aleatoria,decoder_2,FLIM_pb,2,3,0,000002|000013|000156,sintetico,0.588041,0.551955,0.424502,0.0314365,,UNKNOWN,69.6,6d4a06cdff6a-sujo,UNKNOWN,UNKNOWN,onde_marcar/k3/teste60/seg300,UNKNOWN,2026-09-15T05:16:23+00:00,12.42,57.18,4000
a4fa8597d9d55a03,onde_marcar,UNKNOWN,schisto,UNKNOWN,UNKNOWN,al,regiao_borda:px4000,regiao_borda,labeled_marker,FLIM_lm,2,3,0,000002|000013|000156,sintetico,0.368702,0.31778,0.236658,0.0284634,,UNKNOWN,57.34,6d4a06cdff6a-sujo,UNKNOWN,UNKNOWN,onde_marcar/k3/teste60/seg300,UNKNOWN,2026-09-15T05:17:21+00:00,25.22,32.12,4000
313fd06e0d2bbe99,onde_marcar,UNKNOWN,schisto,UNKNOWN,UNKNOWN,al,regiao_borda:px4000,regiao_borda,decoder_2,FLIM_pb,2,3,0,000002|000013|000156,sintetico,0.631718,0.627562,0.498868,0.0305676,,UNKNOWN,62.01,6d4a06cdff6a-sujo,UNKNOWN,UNKNOWN,onde_marcar/k3/teste60/seg300,UNKNOWN,2026-09-15T05:17:58+00:00,25.22,36.79,4000
209f54db7090ff68,onde_marcar,UNKNOWN,schisto,UNKNOWN,UNKNOWN,al,uniforme_balanceado:px4000,uniforme_balanceado,labeled_marker,FLIM_lm,2,3,0,000002|000013|000156,sintetico,0,0,0,0.02594,,UNKNOWN,848.67,6d4a06cdff6a-sujo,UNKNOWN,UNKNOWN,onde_marcar/k3/teste60/seg300,UNKNOWN,2026-09-15T05:32:20+00:00,812.61,36.06,4000
4d0bed94eed5c03f,onde_marcar,UNKNOWN,schisto,UNKNOWN,UNKNOWN,al,uniforme_balanceado:px4000,uniforme_balanceado,decoder_2,FLIM_pb,2,3,0,000002|000013|000156,sintetico,0,0,0,0.02594,,UNKNOWN,855.47,6d4a06cdff6a-sujo,UNKNOWN,UNKNOWN,onde_marcar/k3/teste60/seg300,UNKNOWN,2026-09-15T05:33:03+00:00,812.61,42.86,4000
70a989510a1ca581,onde_marcar,UNKNOWN,schisto,UNKNOWN,UNKNOWN,flim,uniforme:px4000,uniforme,labeled_marker,FLIM_lm,2,3,1,000002|000013|000156,sintetico,0.253885,0.197399,0.138119,0.0233331,,UNKNOWN,45.25,6d4a06cdff6a-sujo,UNKNOWN,UNKNOWN,onde_marcar/k3/teste60/seg300,UNKNOWN,2026-09-15T05:33:49+00:00,13.66,31.58,4000
f697be8e727383eb,onde_marcar,UNKNOWN,schisto,UNKNOWN,UNKNOWN,flim,uniforme:px4000,uniforme,decoder_2,FLIM_pb,2,3,1,000002|000013|000156,sintetico,0.700343,0.688965,0.552498,0.0227053,,UNKNOWN,56.24,6d4a06cdff6a-sujo,UNKNOWN,UNKNOWN,onde_marcar/k3/teste60/seg300,UNKNOWN,2026-09-15T05:34:31+00:00,13.66,42.58,4000
8c27d747f4f09878,onde_marcar,UNKNOWN,schisto,UNKNOWN,UNKNOWN,al,regiao_incerteza:px4000,regiao_incerteza,labeled_marker,FLIM_lm,2,3,1,000002|000013|000156,sintetico,0.0315039,0.0223646,0.0146801,0.0257112,,UNKNOWN,36.98,6d4a06cdff6a-sujo,UNKNOWN,UNKNOWN,onde_marcar/k3/teste60/seg300,UNKNOWN,2026-09-15T05:35:21+00:00,9.04,27.94,4000
8128627c4ae885cb,onde_marcar,UNKNOWN,schisto,UNKNOWN,UNKNOWN,al,regiao_incerteza:px4000,regiao_incerteza,decoder_2,FLIM_pb,2,3,1,000002|000013|000156,sintetico,0.480661,0.510539,0.381164,0.0425033,,UNKNOWN,46.35,6d4a06cdff6a-sujo,UNKNOWN,UNKNOWN,onde_marcar/k3/teste60/seg300,UNKNOWN,2026-09-15T05:35:58+00:00,9.04,37.3,4000
65193f109bf77e98,onde_marcar,UNKNOWN,schisto,UNKNOWN,UNKNOWN,al,regiao_aleatoria:px4000,regiao_aleatoria,labeled_marker,FLIM_lm,2,3,1,000002|000013|000156,sintetico,0.437207,0.352646,0.25274,0.0230717,,UNKNOWN,99.02,6d4a06cdff6a-sujo,UNKNOWN,UNKNOWN,onde_marcar/k3/teste60/seg300,UNKNOWN,2026-09-15T05:37:38+00:00,19.68,79.34,4000
bef84e9e090ff283,onde_marcar,UNKNOWN,schisto,UNKNOWN,UNKNOWN,al,regiao_aleatoria:px4000,regiao_aleatoria,decoder_2,FLIM_pb,2,3,1,000002|000013|000156,sintetico,0.629972,0.608296,0.476229,0.0274161,,UNKNOWN,62.24,6d4a06cdff6a-sujo,UNKNOWN,UNKNOWN,onde_marcar/k3/teste60/seg300,UNKNOWN,2026-09-15T05:38:21+00:00,19.68,42.56,4000
734a993abce96d20,onde_marcar,UNKNOWN,schisto,UNKNOWN,UNKNOWN,al,regiao_borda:px4000,regiao_borda,labeled_marker,FLIM_lm,2,3,1,000002|000013|000156,sintetico,0.256873,0.200732,0.140064,0.0239555,,UNKNOWN,40.15,6d4a06cdff6a-sujo,UNKNOWN,UNKNOWN,onde_marcar/k3/teste60/seg300,UNKNOWN,2026-09-15T05:39:02+00:00,10.71,29.44,4000
129675ac88d34021,onde_marcar,UNKNOWN,schisto,UNKNOWN,UNKNOWN,al,regiao_borda:px4000,regiao_borda,decoder_2,FLIM_pb,2,3,1,000002|000013|000156,sintetico,0.671444,0.664182,0.533621,0.0282585,,UNKNOWN,44.93,6d4a06cdff6a-sujo,UNKNOWN,UNKNOWN,onde_marcar/k3/teste60/seg300,UNKNOWN,2026-09-15T05:39:36+00:00,10.71,34.21,4000
63eab177118af598,onde_marcar,UNKNOWN,schisto,UNKNOWN,UNKNOWN,al,uniforme_balanceado:px4000,uniforme_balanceado,labeled_marker,FLIM_lm,2,3,1,000002|000013|000156,sintetico,0,0,0,0.02594,,UNKNOWN,1004.39,6d4a06cdff6a-sujo,UNKNOWN,UNKNOWN,onde_marcar/k3/teste60/seg300,UNKNOWN,2026-09-15T05:56:33+00:00,971.45,32.94,4000
df38dfd97e33f06e,onde_marcar,UNKNOWN,schisto,UNKNOWN,UNKNOWN,al,uniforme_balanceado:px4000,uniforme_balanceado,decoder_2,FLIM_pb,2,3,1,000002|000013|000156,sintetico,0.00494703,0.00389298,0.00220388,0.0317235,,UNKNOWN,1013.86,6d4a06cdff6a-sujo,UNKNOWN,UNKNOWN,onde_marcar/k3/teste60/seg300,UNKNOWN,2026-09-15T05:57:16+00:00,971.45,42.41,4000
