user,split,arm,decoder,paper_name,block,n_train,train_ids,fb,dice,mae,iou,fb_val
A,3,al_seed0,labeled_marker,FLIM_lm,3,5,000659|000043|000601|000035|000491,0.7424,0.687,0.0102,0.6239,0.7079
A,3,al_seed0,decoder_2,FLIM_pb,2,5,000659|000043|000601|000035|000491,0.7567,0.7086,0.0101,0.6371,0.6951
A,3,al_seed0,decoder_3,FLIM_mb,2,5,000659|000043|000601|000035|000491,0.7536,0.7104,0.0103,0.6416,0.6943
A,3,al_seed0,decoder_attention,FLIM_at,2,5,000659|000043|000601|000035|000491,0.6417,0.602,0.0116,0.5335,0.5787
A,3,al_seed0,vanilla_adaptive_decoder,FLIM_ts,3,5,000659|000043|000601|000035|000491,0.5464,0.5153,0.0163,0.446,0.4986
A,3,al_seed0,hybrid_decoder,FLIM_lt,3,5,000659|000043|000601|000035|000491,0.5788,0.5383,0.0149,0.4686,0.5595
A,3,al_seed0,vanilla_adaptive_decoder_wt,FLIM_ts*,2,5,000659|000043|000601|000035|000491,0.3875,0.3825,0.0266,0.3145,0.3913
A,3,al_seed1,labeled_marker,FLIM_lm,2,2,000675|000060,0.8031,0.7488,0.0085,0.6792,0.7908
A,3,al_seed1,decoder_2,FLIM_pb,3,2,000675|000060,0.7998,0.7512,0.009,0.6781,0.8019
A,3,al_seed1,decoder_3,FLIM_mb,3,2,000675|000060,0.8151,0.7723,0.008,0.7053,0.8046
A,3,al_seed1,decoder_attention,FLIM_at,2,2,000675|000060,0.6145,0.5682,0.014,0.4992,0.6132
A,3,al_seed1,vanilla_adaptive_decoder,FLIM_ts,2,2,000675|000060,0.7342,0.6787,0.0098,0.6133,0.6644
A,3,al_seed1,hybrid_decoder,FLIM_lt,2,2,000675|000060,0.7944,0.7375,0.0089,0.6687,0.7639
A,3,al_seed1,vanilla_adaptive_decoder_wt,FLIM_ts*,2,2,000675|000060,0.6326,0.5809,0.0128,0.5113,0.6127
A,3,al_seed2,labeled_marker,FLIM_lm,2,7,000332|000043|000675|000625|000137|000479|000156,0.7568,0.7042,0.0099,0.6335,0.7203
A,3,al_seed2,decoder_2,FLIM_pb,2,7,000332|000043|000675|000625|000137|000479|000156,0.7513,0.7009,0.0098,0.6307,0.7141
A,3,al_seed2,decoder_3,FLIM_mb,3,7,000332|000043|000675|000625|000137|000479|000156,0.7417,0.6915,0.0097,0.6194,0.7004
A,3,al_seed2,decoder_attention,FLIM_at,2,7,000332|000043|000675|000625|000137|000479|000156,0.6039,0.5623,0.0126,0.4929,0.5748
A,3,al_seed2,vanilla_adaptive_decoder,FLIM_ts,3,7,000332|000043|000675|000625|000137|000479|000156,0.6376,0.5906,0.0127,0.5184,0.6331
A,3,al_seed2,hybrid_decoder,FLIM_lt,3,7,000332|000043|000675|000625|000137|000479|000156,0.6886,0.6373,0.0111,0.5644,0.6661
A,3,al_seed2,vanilla_adaptive_decoder_wt,FLIM_ts*,3,7,000332|000043|000675|000625|000137|000479|000156,0.5733,0.5337,0.0153,0.4613,0.547
A,3,al_seed3,labeled_marker,FLIM_lm,2,3,000232|000043|000156,0.7765,0.7173,0.009,0.6514,0.749
A,3,al_seed3,decoder_2,FLIM_pb,2,3,000232|000043|000156,0.7861,0.7288,0.0089,0.6613,0.7738
A,3,al_seed3,decoder_3,FLIM_mb,3,3,000232|000043|000156,0.7923,0.74,0.0088,0.6728,0.7814
A,3,al_seed3,decoder_attention,FLIM_at,2,3,000232|000043|000156,0.6496,0.6017,0.0119,0.5351,0.6486
A,3,al_seed3,vanilla_adaptive_decoder,FLIM_ts,2,3,000232|000043|000156,0.6676,0.6163,0.0114,0.5496,0.6591
A,3,al_seed3,hybrid_decoder,FLIM_lt,3,3,000232|000043|000156,0.769,0.7127,0.009,0.6429,0.7703
A,3,al_seed3,vanilla_adaptive_decoder_wt,FLIM_ts*,2,3,000232|000043|000156,0.6532,0.6035,0.0122,0.537,0.6491
A,3,al_seed4,labeled_marker,FLIM_lm,2,3,000156|000017|000043,0.7986,0.7397,0.0085,0.6703,0.7856
A,3,al_seed4,decoder_2,FLIM_pb,2,3,000156|000017|000043,0.8034,0.7486,0.0085,0.6777,0.7866
A,3,al_seed4,decoder_3,FLIM_mb,2,3,000156|000017|000043,0.8171,0.7623,0.0081,0.691,0.7858
A,3,al_seed4,decoder_attention,FLIM_at,3,3,000156|000017|000043,0.7936,0.7347,0.0089,0.6623,0.7667
A,3,al_seed4,vanilla_adaptive_decoder,FLIM_ts,3,3,000156|000017|000043,0.7982,0.7388,0.0088,0.6663,0.765
A,3,al_seed4,hybrid_decoder,FLIM_lt,3,3,000156|000017|000043,0.791,0.7371,0.0084,0.6644,0.7803
A,3,al_seed4,vanilla_adaptive_decoder_wt,FLIM_ts*,3,3,000156|000017|000043,0.7906,0.7329,0.009,0.6609,0.7689
A,3,al_seed5,labeled_marker,FLIM_lm,2,3,000232|000043|000156,0.7765,0.7173,0.009,0.6514,0.749
A,3,al_seed5,decoder_2,FLIM_pb,2,3,000232|000043|000156,0.7861,0.7288,0.0089,0.6613,0.7738
A,3,al_seed5,decoder_3,FLIM_mb,3,3,000232|000043|000156,0.7923,0.74,0.0088,0.6728,0.7814
A,3,al_seed5,decoder_attention,FLIM_at,2,3,000232|000043|000156,0.6496,0.6017,0.0119,0.5351,0.6486
A,3,al_seed5,vanilla_adaptive_decoder,FLIM_ts,2,3,000232|000043|000156,0.6676,0.6163,0.0114,0.5496,0.6591
A,3,al_seed5,hybrid_decoder,FLIM_lt,3,3,000232|000043|000156,0.769,0.7127,0.009,0.6429,0.7703
A,3,al_seed5,vanilla_adaptive_decoder_wt,FLIM_ts*,2,3,000232|000043|000156,0.6532,0.6035,0.0122,0.537,0.6491
A,3,al_seed6,labeled_marker,FLIM_lm,3,6,000137|000043|000479|000060|000601|000541,0.7209,0.6718,0.0101,0.6102,0.6998
A,3,al_seed6,decoder_2,FLIM_pb,3,6,000137|000043|000479|000060|000601|000541,0.7259,0.6751,0.0101,0.6118,0.7059
A,3,al_seed6,decoder_3,FLIM_mb,3,6,000137|000043|000479|000060|000601|000541,0.726,0.6796,0.0102,0.6164,0.7067
A,3,al_seed6,decoder_attention,FLIM_at,3,6,000137|000043|000479|000060|000601|000541,0.7029,0.6548,0.0107,0.5921,0.6924
A,3,al_seed6,vanilla_adaptive_decoder,FLIM_ts,3,6,000137|000043|000479|000060|000601|000541,0.7,0.6518,0.0107,0.5898,0.6889
A,3,al_seed6,hybrid_decoder,FLIM_lt,3,6,000137|000043|000479|000060|000601|000541,0.7111,0.66,0.0104,0.5943,0.6864
A,3,al_seed6,vanilla_adaptive_decoder_wt,FLIM_ts*,3,6,000137|000043|000479|000060|000601|000541,0.6575,0.61,0.0116,0.5471,0.6617
A,3,al_seed7,labeled_marker,FLIM_lm,2,1,000845,0.4973,0.4973,0.0129,0.4973,0.4583
A,3,al_seed7,decoder_2,FLIM_pb,3,1,000845,0.4973,0.4973,0.0129,0.4973,0.4583
A,3,al_seed7,decoder_3,FLIM_mb,2,1,000845,0.2389,0.26,0.0588,0.2021,0.2449
A,3,al_seed7,decoder_attention,FLIM_at,2,1,000845,0.094,0.0936,0.0763,0.0773,0.0594
A,3,al_seed7,vanilla_adaptive_decoder,FLIM_ts,2,1,000845,0.5111,0.4961,0.0154,0.4639,0.4258
A,3,al_seed7,hybrid_decoder,FLIM_lt,2,1,000845,0.5191,0.5255,0.0191,0.4818,0.4541
A,3,al_seed7,vanilla_adaptive_decoder_wt,FLIM_ts*,2,1,000845,0.1538,0.1816,0.08,0.1226,0.1597
A,3,al_seed8,labeled_marker,FLIM_lm,2,7,000332|000043|000675|000625|000137|000479|000156,0.7568,0.7042,0.0099,0.6335,0.7203
A,3,al_seed8,decoder_2,FLIM_pb,2,7,000332|000043|000675|000625|000137|000479|000156,0.7513,0.7009,0.0098,0.6307,0.7141
A,3,al_seed8,decoder_3,FLIM_mb,3,7,000332|000043|000675|000625|000137|000479|000156,0.7417,0.6915,0.0097,0.6194,0.7004
A,3,al_seed8,decoder_attention,FLIM_at,2,7,000332|000043|000675|000625|000137|000479|000156,0.6039,0.5623,0.0126,0.4929,0.5748
A,3,al_seed8,vanilla_adaptive_decoder,FLIM_ts,3,7,000332|000043|000675|000625|000137|000479|000156,0.6376,0.5906,0.0127,0.5184,0.6331
A,3,al_seed8,hybrid_decoder,FLIM_lt,3,7,000332|000043|000675|000625|000137|000479|000156,0.6886,0.6373,0.0111,0.5644,0.6661
A,3,al_seed8,vanilla_adaptive_decoder_wt,FLIM_ts*,3,7,000332|000043|000675|000625|000137|000479|000156,0.5733,0.5337,0.0153,0.4613,0.547
