split,orcamento,alocacao,n_imgs,dabs_por_img,criterio,imagens,n_seeds,fb,dice,mae,iou,segundos
3,12,2img x 6dab,2,6,aleatorio,000011|000032,4839,0.678,0.6386,0.0117,0.5681,97.4
3,12,2img x 6dab,2,6,aleatorio,000064|000035,6000,0.55,0.5273,0.0158,0.4576,95.2
3,12,2img x 6dab,2,6,aleatorio,000034|000022,5893,0.6642,0.6161,0.011,0.5606,87.3
3,12,2img x 6dab,2,6,entropia,000024|000061,4901,0.5327,0.4949,0.0146,0.4443,93.4
3,12,4img x 3dab,4,3,aleatorio,000058|000011|000029|000035,6083,0.6624,0.6029,0.0119,0.5365,94.7
3,12,4img x 3dab,4,3,aleatorio,000002|000034|000058|000055,6137,0.6356,0.5944,0.0125,0.526,97.0
3,12,4img x 3dab,4,3,aleatorio,000033|000022|000047|000021,7091,0.6825,0.6271,0.012,0.5533,92.3
3,12,4img x 3dab,4,3,entropia,000024|000061|000014|000004,6059,0.5742,0.5311,0.0144,0.462,100.3
3,12,8img x 1dab,8,1,aleatorio,000011|000043|000078|000070|000009|000025|000033|000047,4263,0.4384,0.4205,0.027,0.3496,69.0
3,12,8img x 1dab,8,1,aleatorio,000009|000047|000002|000028|000061|000042|000043|000032,4349,0.466,0.4497,0.0221,0.3753,65.5
3,12,8img x 1dab,8,1,aleatorio,000058|000064|000042|000018|000023|000029|000039|000035,3451,0.5359,0.5113,0.0183,0.4377,69.7
3,12,8img x 1dab,8,1,entropia,000024|000061|000014|000004|000017|000036|000025|000064,4291,0.5559,0.5254,0.0158,0.4529,70.9
3,24,2img x 12dab,2,12,aleatorio,000011|000032,12252,0.6196,0.5777,0.0115,0.5396,136.3
3,24,2img x 12dab,2,12,aleatorio,000064|000035,12164,0.6722,0.6187,0.0111,0.5638,136.4
3,24,2img x 12dab,2,12,aleatorio,000034|000022,12633,0.602,0.5671,0.0119,0.534,125.8
3,24,2img x 12dab,2,12,entropia,000024|000061,12479,0.4814,0.4788,0.0132,0.4768,126.4
3,24,4img x 6dab,4,6,aleatorio,000058|000011|000029|000035,10660,0.7191,0.6571,0.0107,0.5849,144.5
3,24,4img x 6dab,4,6,aleatorio,000002|000034|000058|000055,11123,0.6858,0.6364,0.0106,0.5763,143.5
3,24,4img x 6dab,4,6,aleatorio,000033|000022|000047|000021,11772,0.7309,0.67,0.0102,0.5999,145.7
3,24,4img x 6dab,4,6,entropia,000024|000061|000014|000004,10252,0.6472,0.597,0.0125,0.5303,145.0
3,24,8img x 3dab,8,3,aleatorio,000011|000043|000078|000070|000009|000025|000033|000047,10783,0.6483,0.5972,0.0114,0.539,150.2
3,24,8img x 3dab,8,3,aleatorio,000009|000047|000002|000028|000061|000042|000043|000032,13168,0.6714,0.6317,0.0121,0.5552,150.1
3,24,8img x 3dab,8,3,aleatorio,000058|000064|000042|000018|000023|000029|000039|000035,12347,0.6869,0.6425,0.013,0.5669,150.0
3,24,8img x 3dab,8,3,entropia,000024|000061|000014|000004|000017|000036|000025|000064,10859,0.6581,0.6119,0.0121,0.5386,151.8
3,48,2img x 24dab,2,24,aleatorio,000011|000032,21964,0.4733,0.4733,0.0133,0.4733,145.2
3,48,2img x 24dab,2,24,aleatorio,000064|000035,21768,0.4733,0.4733,0.0133,0.4733,148.6
3,48,2img x 24dab,2,24,aleatorio,000034|000022,22498,0.4733,0.4733,0.0133,0.4733,146.4
3,48,2img x 24dab,2,24,entropia,000024|000061,22010,0.4733,0.4733,0.0133,0.4733,145.1
3,48,4img x 12dab,4,12,aleatorio,000058|000011|000029|000035,22266,0.4774,0.4761,0.0132,0.4751,149.2
3,48,4img x 12dab,4,12,aleatorio,000002|000034|000058|000055,25859,0.6859,0.6282,0.0111,0.5688,149.0
3,48,4img x 12dab,4,12,aleatorio,000033|000022|000047|000021,25731,0.5458,0.5264,0.0124,0.5089,146.1
3,48,4img x 12dab,4,12,entropia,000024|000061|000014|000004,23651,0.5885,0.5568,0.0117,0.526,145.9
3,48,8img x 6dab,8,6,aleatorio,000011|000043|000078|000070|000009|000025|000033|000047,24599,0.6529,0.6091,0.0144,0.5382,150.8
3,48,8img x 6dab,8,6,aleatorio,000009|000047|000002|000028|000061|000042|000043|000032,21579,0.6806,0.6393,0.0121,0.5647,150.9
3,48,8img x 6dab,8,6,aleatorio,000058|000064|000042|000018|000023|000029|000039|000035,24383,0.521,0.4999,0.0207,0.4278,151.4
3,48,8img x 6dab,8,6,entropia,000024|000061|000014|000004|000017|000036|000025|000064,24212,0.5092,0.4824,0.0182,0.41,151.6
3,96,2img x 48dab,2,48,aleatorio,000011|000032,42777,0.4733,0.4733,0.0133,0.4733,145.0
3,96,2img x 48dab,2,48,aleatorio,000064|000035,42747,0.4733,0.4733,0.0133,0.4733,145.4
3,96,2img x 48dab,2,48,aleatorio,000034|000022,40636,0.4733,0.4733,0.0133,0.4733,144.6
3,96,2img x 48dab,2,48,entropia,000024|000061,42112,0.4733,0.4733,0.0133,0.4733,146.3
3,96,4img x 24dab,4,24,aleatorio,000058|000011|000029|000035,44015,0.4733,0.4733,0.0133,0.4733,149.7
3,96,4img x 24dab,4,24,aleatorio,000002|000034|000058|000055,44735,0.4733,0.4733,0.0133,0.4733,147.7
3,96,4img x 24dab,4,24,aleatorio,000033|000022|000047|000021,45503,0.4733,0.4733,0.0133,0.4733,147.6
3,96,4img x 24dab,4,24,entropia,000024|000061|000014|000004,44256,0.4733,0.4733,0.0133,0.4733,148.6
3,96,8img x 12dab,8,12,aleatorio,000011|000043|000078|000070|000009|000025|000033|000047,47213,0.6357,0.5942,0.0113,0.5488,156.6
3,96,8img x 12dab,8,12,aleatorio,000009|000047|000002|000028|000061|000042|000043|000032,47801,0.6892,0.6312,0.0108,0.5656,153.8
3,96,8img x 12dab,8,12,aleatorio,000058|000064|000042|000018|000023|000029|000039|000035,49218,0.5806,0.5503,0.0167,0.4792,154.6
3,96,8img x 12dab,8,12,entropia,000024|000061|000014|000004|000017|000036|000025|000064,46953,0.7206,0.6641,0.0112,0.5908,152.8
