split,budget,acquisition,al_dice,al_fb,al_mae,al_iou,rand_dice,rand_fb,rand_mae,rand_iou,delta_fb
1,3,badge,0.3971,0.388,0.0196,0.328,0.3662,0.3841,0.0173,0.3091,0.0039
1,5,badge,0.4958,0.5301,0.0118,0.4255,0.3962,0.4146,0.0148,0.3277,0.1154
1,10,badge,0.4137,0.437,0.0138,0.3466,0.3936,0.4117,0.0143,0.3265,0.0252
1,177,badge,0.4559,0.4705,0.0138,0.3879,0.4908,0.5167,0.0126,0.4222,-0.0461
2,3,badge,0.5713,0.6229,0.0105,0.5041,0.4433,0.4592,0.0147,0.3743,0.1637
2,5,badge,0.5644,0.5984,0.0107,0.498,0.4767,0.5057,0.0128,0.4077,0.0928
2,10,badge,0.5714,0.6236,0.0109,0.5161,0.4703,0.4894,0.013,0.4242,0.1342
2,196,badge,0.5822,0.6403,0.0105,0.5162,0.5018,0.5314,0.0125,0.4337,0.109
3,3,badge,0.4425,0.4526,0.0148,0.374,0.3277,0.3432,0.0196,0.288,0.1094
3,5,badge,0.4639,0.4791,0.0137,0.3956,0.371,0.3976,0.0177,0.3257,0.0816
3,10,badge,0.5571,0.608,0.0107,0.4879,0.5015,0.5358,0.0129,0.4343,0.0722
3,189,badge,0.4957,0.5207,0.0123,0.4271,0.5728,0.6294,0.0107,0.5056,-0.1087
