split,budget,method,acquisition,decoder,fb,dice,mae,iou
1,3,original_3imgs,none,labeled_marker,0.7444,0.6839,0.0102,0.6074
1,3,original_3imgs,none,vanilla_adaptive_decoder,0.6729,0.6206,0.0117,0.5418
1,3,original_3imgs,none,vanilla_adaptive_decoder_wt,0.5072,0.4777,0.0187,0.3998
1,3,original_3imgs,none,decoder_2,0.7305,0.6786,0.011,0.5984
1,3,original_3imgs,none,decoder_3,0.7383,0.694,0.0108,0.6172
1,3,original_3imgs,none,decoder_attention,0.5522,0.518,0.0162,0.4394
1,3,original_3imgs,none,hybrid_decoder,0.6845,0.6378,0.0113,0.5599
1,3,al_least_confidence,least_confidence,labeled_marker,0.5295,0.5139,0.013,0.4995
1,3,al_least_confidence,least_confidence,vanilla_adaptive_decoder,0.4654,0.4522,0.0202,0.3925
1,3,al_least_confidence,least_confidence,vanilla_adaptive_decoder_wt,0.2069,0.2309,0.0603,0.1673
1,3,al_least_confidence,least_confidence,decoder_2,0.4749,0.4709,0.0221,0.3968
1,3,al_least_confidence,least_confidence,decoder_3,0.3324,0.355,0.0389,0.2877
1,3,al_least_confidence,least_confidence,decoder_attention,0.2305,0.2504,0.0578,0.1872
1,3,al_least_confidence,least_confidence,hybrid_decoder,0.3548,0.3646,0.0302,0.2997
1,3,random_seed0,random,labeled_marker,0.6157,0.5774,0.0123,0.5359
1,3,random_seed0,random,vanilla_adaptive_decoder,0.4684,0.4525,0.018,0.4089
1,3,random_seed0,random,vanilla_adaptive_decoder_wt,0.2568,0.2589,0.0624,0.2096
1,3,random_seed0,random,decoder_2,0.5085,0.5054,0.0215,0.4347
1,3,random_seed0,random,decoder_3,0.4108,0.4251,0.0306,0.3635
1,3,random_seed0,random,decoder_attention,0.2113,0.2258,0.0669,0.1758
1,3,random_seed0,random,hybrid_decoder,0.4079,0.3982,0.0215,0.3489
1,3,random_seed1,random,labeled_marker,0.4793,0.4793,0.0136,0.4793
1,3,random_seed1,random,vanilla_adaptive_decoder,0.396,0.3939,0.0205,0.3675
1,3,random_seed1,random,vanilla_adaptive_decoder_wt,0.1214,0.1385,0.0886,0.1002
1,3,random_seed1,random,decoder_2,0.2687,0.281,0.0408,0.2127
1,3,random_seed1,random,decoder_3,0.1256,0.1528,0.0789,0.104
1,3,random_seed1,random,decoder_attention,0.0639,0.079,0.097,0.052
1,3,random_seed1,random,hybrid_decoder,0.3911,0.4019,0.0258,0.3729
1,3,random_seed2,random,labeled_marker,0.5498,0.5273,0.0127,0.5065
1,3,random_seed2,random,vanilla_adaptive_decoder,0.4746,0.4598,0.0176,0.4175
1,3,random_seed2,random,vanilla_adaptive_decoder_wt,0.1896,0.1975,0.0743,0.1538
1,3,random_seed2,random,decoder_2,0.5764,0.5489,0.0171,0.475
1,3,random_seed2,random,decoder_3,0.3753,0.3901,0.0337,0.3288
1,3,random_seed2,random,decoder_attention,0.1797,0.1894,0.0751,0.1481
1,3,random_seed2,random,hybrid_decoder,0.4276,0.4214,0.0212,0.3699
1,3,random,random,labeled_marker,0.5483,0.528,0.0129,0.5073
1,3,random,random,vanilla_adaptive_decoder,0.4463,0.4354,0.0187,0.398
1,3,random,random,vanilla_adaptive_decoder_wt,0.1892,0.1983,0.0751,0.1545
1,3,random,random,decoder_2,0.4512,0.4451,0.0265,0.3741
1,3,random,random,decoder_3,0.3039,0.3227,0.0478,0.2654
1,3,random,random,decoder_attention,0.1517,0.1647,0.0797,0.1253
1,3,random,random,hybrid_decoder,0.4088,0.4072,0.0228,0.3639
1,5,al_least_confidence,least_confidence,labeled_marker,0.4822,0.4813,0.0135,0.4806
1,5,al_least_confidence,least_confidence,vanilla_adaptive_decoder,0.4947,0.4731,0.0178,0.4207
1,5,al_least_confidence,least_confidence,vanilla_adaptive_decoder_wt,0.2573,0.2704,0.0546,0.2083
1,5,al_least_confidence,least_confidence,decoder_2,0.5196,0.508,0.0194,0.4349
1,5,al_least_confidence,least_confidence,decoder_3,0.3769,0.396,0.0338,0.3292
1,5,al_least_confidence,least_confidence,decoder_attention,0.2942,0.3015,0.05,0.2397
1,5,al_least_confidence,least_confidence,hybrid_decoder,0.3813,0.3773,0.0253,0.3212
1,5,random_seed0,random,labeled_marker,0.6197,0.5796,0.0123,0.5353
1,5,random_seed0,random,vanilla_adaptive_decoder,0.4984,0.4753,0.0169,0.4325
1,5,random_seed0,random,vanilla_adaptive_decoder_wt,0.336,0.3284,0.0497,0.2766
1,5,random_seed0,random,decoder_2,0.5469,0.5342,0.0195,0.4649
1,5,random_seed0,random,decoder_3,0.4465,0.4556,0.0276,0.3941
1,5,random_seed0,random,decoder_attention,0.2919,0.2913,0.0543,0.2387
1,5,random_seed0,random,hybrid_decoder,0.434,0.4203,0.02,0.3717
1,5,random_seed1,random,labeled_marker,0.4773,0.4769,0.0136,0.4765
1,5,random_seed1,random,vanilla_adaptive_decoder,0.4171,0.4105,0.0223,0.3651
1,5,random_seed1,random,vanilla_adaptive_decoder_wt,0.1838,0.1932,0.0761,0.1463
1,5,random_seed1,random,decoder_2,0.402,0.4052,0.0262,0.3295
1,5,random_seed1,random,decoder_3,0.2372,0.2676,0.0529,0.2016
1,5,random_seed1,random,decoder_attention,0.1472,0.1596,0.0823,0.1194
1,5,random_seed1,random,hybrid_decoder,0.3751,0.3817,0.03,0.3297
1,5,random_seed2,random,labeled_marker,0.5691,0.5418,0.0125,0.5163
1,5,random_seed2,random,vanilla_adaptive_decoder,0.4447,0.4356,0.0206,0.3943
1,5,random_seed2,random,vanilla_adaptive_decoder_wt,0.2134,0.2219,0.071,0.1689
1,5,random_seed2,random,decoder_2,0.5264,0.5053,0.0199,0.4308
1,5,random_seed2,random,decoder_3,0.3099,0.3295,0.0429,0.2688
1,5,random_seed2,random,decoder_attention,0.2238,0.2297,0.0689,0.1788
1,5,random_seed2,random,hybrid_decoder,0.4048,0.4074,0.0244,0.3596
1,5,random,random,labeled_marker,0.5554,0.5328,0.0128,0.5094
1,5,random,random,vanilla_adaptive_decoder,0.4534,0.4405,0.0199,0.3973
1,5,random,random,vanilla_adaptive_decoder_wt,0.2444,0.2478,0.0656,0.1973
1,5,random,random,decoder_2,0.4918,0.4816,0.0219,0.4084
1,5,random,random,decoder_3,0.3312,0.3509,0.0411,0.2882
1,5,random,random,decoder_attention,0.221,0.2269,0.0685,0.179
1,5,random,random,hybrid_decoder,0.4046,0.4031,0.0248,0.3537
1,10,al_least_confidence,least_confidence,labeled_marker,0.4793,0.4793,0.0136,0.4793
1,10,al_least_confidence,least_confidence,vanilla_adaptive_decoder,0.4266,0.42,0.0232,0.352
1,10,al_least_confidence,least_confidence,vanilla_adaptive_decoder_wt,0.1788,0.2043,0.0649,0.1432
1,10,al_least_confidence,least_confidence,decoder_2,0.507,0.4885,0.0189,0.4118
1,10,al_least_confidence,least_confidence,decoder_3,0.3794,0.3934,0.0317,0.3215
1,10,al_least_confidence,least_confidence,decoder_attention,0.2489,0.268,0.0496,0.2002
1,10,al_least_confidence,least_confidence,hybrid_decoder,0.3463,0.3591,0.0313,0.2869
1,10,random_seed0,random,labeled_marker,0.6076,0.5707,0.0124,0.5303
1,10,random_seed0,random,vanilla_adaptive_decoder,0.4332,0.4205,0.023,0.3725
1,10,random_seed0,random,vanilla_adaptive_decoder_wt,0.1906,0.207,0.0709,0.1491
1,10,random_seed0,random,decoder_2,0.461,0.4479,0.027,0.3809
1,10,random_seed0,random,decoder_3,0.2838,0.3021,0.0492,0.2474
1,10,random_seed0,random,decoder_attention,0.1972,0.2082,0.073,0.1565
1,10,random_seed0,random,hybrid_decoder,0.4197,0.4134,0.0223,0.3633
1,10,random_seed1,random,labeled_marker,0.6029,0.5689,0.012,0.5347
1,10,random_seed1,random,vanilla_adaptive_decoder,0.4309,0.4232,0.0215,0.3801
1,10,random_seed1,random,vanilla_adaptive_decoder_wt,0.2398,0.2447,0.0652,0.1897
1,10,random_seed1,random,decoder_2,0.4365,0.4378,0.0251,0.3637
1,10,random_seed1,random,decoder_3,0.2749,0.2993,0.0478,0.2383
1,10,random_seed1,random,decoder_attention,0.2237,0.23,0.0713,0.1806
1,10,random_seed1,random,hybrid_decoder,0.4088,0.4087,0.026,0.3535
1,10,random_seed2,random,labeled_marker,0.5065,0.4959,0.0133,0.4866
1,10,random_seed2,random,vanilla_adaptive_decoder,0.4338,0.4283,0.0183,0.4064
1,10,random_seed2,random,vanilla_adaptive_decoder_wt,0.1842,0.1878,0.0705,0.1493
1,10,random_seed2,random,decoder_2,0.3771,0.3805,0.0339,0.3116
1,10,random_seed2,random,decoder_3,0.1952,0.2211,0.0629,0.1684
1,10,random_seed2,random,decoder_attention,0.1541,0.1476,0.0718,0.1244
1,10,random_seed2,random,hybrid_decoder,0.481,0.4759,0.019,0.4441
1,10,random,random,labeled_marker,0.5724,0.5452,0.0126,0.5172
1,10,random,random,vanilla_adaptive_decoder,0.4326,0.424,0.021,0.3863
1,10,random,random,vanilla_adaptive_decoder_wt,0.2049,0.2132,0.0689,0.1627
1,10,random,random,decoder_2,0.4248,0.422,0.0286,0.3521
1,10,random,random,decoder_3,0.2513,0.2742,0.0533,0.218
1,10,random,random,decoder_attention,0.1917,0.1952,0.0721,0.1538
1,10,random,random,hybrid_decoder,0.4365,0.4326,0.0224,0.387
2,3,original_3imgs,none,labeled_marker,0.7308,0.6681,0.0101,0.5975
2,3,original_3imgs,none,vanilla_adaptive_decoder,0.5746,0.5391,0.0145,0.4643
2,3,original_3imgs,none,vanilla_adaptive_decoder_wt,0.4926,0.4713,0.019,0.398
2,3,original_3imgs,none,decoder_2,0.7086,0.651,0.011,0.5747
2,3,original_3imgs,none,decoder_3,0.7046,0.6618,0.0113,0.5889
2,3,original_3imgs,none,decoder_attention,0.4719,0.4537,0.0205,0.3802
2,3,original_3imgs,none,hybrid_decoder,0.699,0.6479,0.0108,0.5729
2,3,al_least_confidence,least_confidence,labeled_marker,0.4945,0.4879,0.0135,0.4824
2,3,al_least_confidence,least_confidence,vanilla_adaptive_decoder,0.4159,0.4069,0.0232,0.3458
2,3,al_least_confidence,least_confidence,vanilla_adaptive_decoder_wt,0.1622,0.1889,0.0704,0.1297
2,3,al_least_confidence,least_confidence,decoder_2,0.3572,0.369,0.0328,0.2935
2,3,al_least_confidence,least_confidence,decoder_3,0.2098,0.2393,0.056,0.1743
2,3,al_least_confidence,least_confidence,decoder_attention,0.1428,0.1689,0.0761,0.1151
2,3,al_least_confidence,least_confidence,hybrid_decoder,0.3146,0.3247,0.0361,0.2596
2,3,random_seed0,random,labeled_marker,0.48,0.4787,0.0136,0.4777
2,3,random_seed0,random,vanilla_adaptive_decoder,0.4307,0.4162,0.0223,0.3525
2,3,random_seed0,random,vanilla_adaptive_decoder_wt,0.1579,0.1847,0.0725,0.1267
2,3,random_seed0,random,decoder_2,0.4354,0.4305,0.0238,0.3554
2,3,random_seed0,random,decoder_3,0.3138,0.3364,0.0403,0.2668
2,3,random_seed0,random,decoder_attention,0.1928,0.2184,0.0623,0.1557
2,3,random_seed0,random,hybrid_decoder,0.3556,0.3535,0.031,0.2891
2,3,random_seed1,random,labeled_marker,0.5275,0.513,0.0129,0.4996
2,3,random_seed1,random,vanilla_adaptive_decoder,0.383,0.3726,0.0228,0.3201
2,3,random_seed1,random,vanilla_adaptive_decoder_wt,0.1083,0.1335,0.0861,0.0854
2,3,random_seed1,random,decoder_2,0.487,0.4709,0.0214,0.3944
2,3,random_seed1,random,decoder_3,0.3271,0.3448,0.0404,0.2825
2,3,random_seed1,random,decoder_attention,0.0867,0.108,0.0945,0.0678
2,3,random_seed1,random,hybrid_decoder,0.3345,0.3383,0.0287,0.2814
2,3,random_seed2,random,labeled_marker,0.522,0.5072,0.0131,0.4947
2,3,random_seed2,random,vanilla_adaptive_decoder,0.3686,0.3704,0.0242,0.3254
2,3,random_seed2,random,vanilla_adaptive_decoder_wt,0.1203,0.1428,0.087,0.0954
2,3,random_seed2,random,decoder_2,0.4277,0.4262,0.0243,0.3533
2,3,random_seed2,random,decoder_3,0.2556,0.2835,0.0499,0.2177
2,3,random_seed2,random,decoder_attention,0.0956,0.1154,0.0955,0.0767
2,3,random_seed2,random,hybrid_decoder,0.3467,0.3646,0.0315,0.3133
2,3,random,random,labeled_marker,0.5098,0.4996,0.0132,0.4906
2,3,random,random,vanilla_adaptive_decoder,0.3941,0.3864,0.0231,0.3327
2,3,random,random,vanilla_adaptive_decoder_wt,0.1288,0.1536,0.0819,0.1025
2,3,random,random,decoder_2,0.45,0.4425,0.0232,0.3677
2,3,random,random,decoder_3,0.2988,0.3216,0.0435,0.2557
2,3,random,random,decoder_attention,0.125,0.1473,0.0841,0.1001
2,3,random,random,hybrid_decoder,0.3456,0.3521,0.0304,0.2946
2,5,al_least_confidence,least_confidence,labeled_marker,0.4805,0.4805,0.0135,0.4805
2,5,al_least_confidence,least_confidence,vanilla_adaptive_decoder,0.431,0.4197,0.022,0.3563
2,5,al_least_confidence,least_confidence,vanilla_adaptive_decoder_wt,0.1791,0.2052,0.0652,0.1438
2,5,al_least_confidence,least_confidence,decoder_2,0.5096,0.5027,0.02,0.4281
2,5,al_least_confidence,least_confidence,decoder_3,0.4,0.4178,0.0316,0.3503
2,5,al_least_confidence,least_confidence,decoder_attention,0.2291,0.2513,0.0544,0.1877
2,5,al_least_confidence,least_confidence,hybrid_decoder,0.3593,0.3617,0.0309,0.2952
2,5,random_seed0,random,labeled_marker,0.4854,0.4814,0.0136,0.4781
2,5,random_seed0,random,vanilla_adaptive_decoder,0.4614,0.4433,0.0196,0.3848
2,5,random_seed0,random,vanilla_adaptive_decoder_wt,0.1952,0.2204,0.0661,0.1585
2,5,random_seed0,random,decoder_2,0.524,0.5063,0.0187,0.4318
2,5,random_seed0,random,decoder_3,0.3773,0.3913,0.0341,0.3232
2,5,random_seed0,random,decoder_attention,0.2513,0.2659,0.054,0.2048
2,5,random_seed0,random,hybrid_decoder,0.3668,0.3646,0.0286,0.3051
2,5,random_seed1,random,labeled_marker,0.5349,0.5191,0.0129,0.5043
2,5,random_seed1,random,vanilla_adaptive_decoder,0.4173,0.4034,0.0211,0.3531
2,5,random_seed1,random,vanilla_adaptive_decoder_wt,0.1409,0.1652,0.0793,0.1139
2,5,random_seed1,random,decoder_2,0.478,0.4655,0.0228,0.3912
2,5,random_seed1,random,decoder_3,0.3102,0.3266,0.0438,0.2662
2,5,random_seed1,random,decoder_attention,0.1182,0.1384,0.0851,0.0956
2,5,random_seed1,random,hybrid_decoder,0.3504,0.3492,0.0274,0.2966
2,5,random_seed2,random,labeled_marker,0.4805,0.4805,0.0135,0.4805
2,5,random_seed2,random,vanilla_adaptive_decoder,0.3869,0.3888,0.0207,0.3639
2,5,random_seed2,random,vanilla_adaptive_decoder_wt,0.0993,0.1209,0.0934,0.08
2,5,random_seed2,random,decoder_2,0.3867,0.3883,0.0286,0.316
2,5,random_seed2,random,decoder_3,0.1632,0.1935,0.0712,0.1367
2,5,random_seed2,random,decoder_attention,0.0964,0.1115,0.0932,0.0786
2,5,random_seed2,random,hybrid_decoder,0.369,0.3812,0.0261,0.3541
2,5,random,random,labeled_marker,0.5002,0.4937,0.0133,0.4876
2,5,random,random,vanilla_adaptive_decoder,0.4218,0.4118,0.0205,0.3673
2,5,random,random,vanilla_adaptive_decoder_wt,0.1451,0.1688,0.0796,0.1175
2,5,random,random,decoder_2,0.4629,0.4534,0.0234,0.3797
2,5,random,random,decoder_3,0.2836,0.3038,0.0497,0.242
2,5,random,random,decoder_attention,0.1553,0.1719,0.0774,0.1263
2,5,random,random,hybrid_decoder,0.3621,0.365,0.0274,0.3186
2,10,al_least_confidence,least_confidence,labeled_marker,0.48,0.4798,0.0135,0.4796
2,10,al_least_confidence,least_confidence,vanilla_adaptive_decoder,0.4667,0.4503,0.0206,0.3924
2,10,al_least_confidence,least_confidence,vanilla_adaptive_decoder_wt,0.2317,0.2438,0.0627,0.1841
2,10,al_least_confidence,least_confidence,decoder_2,0.5028,0.4951,0.0198,0.4213
2,10,al_least_confidence,least_confidence,decoder_3,0.3942,0.4109,0.0319,0.3439
2,10,al_least_confidence,least_confidence,decoder_attention,0.2478,0.2609,0.0569,0.2003
2,10,al_least_confidence,least_confidence,hybrid_decoder,0.3804,0.3805,0.029,0.3172
2,10,random_seed0,random,labeled_marker,0.4805,0.4805,0.0135,0.4805
2,10,random_seed0,random,vanilla_adaptive_decoder,0.4382,0.426,0.0204,0.3863
2,10,random_seed0,random,vanilla_adaptive_decoder_wt,0.1636,0.1835,0.0754,0.13
2,10,random_seed0,random,decoder_2,0.4948,0.4579,0.0174,0.3912
2,10,random_seed0,random,decoder_3,0.2542,0.2768,0.0528,0.2176
2,10,random_seed0,random,decoder_attention,0.1936,0.2027,0.073,0.1536
2,10,random_seed0,random,hybrid_decoder,0.3814,0.3867,0.0302,0.3396
2,10,random_seed1,random,labeled_marker,0.5194,0.5062,0.0131,0.4943
2,10,random_seed1,random,vanilla_adaptive_decoder,0.4374,0.4274,0.0219,0.379
2,10,random_seed1,random,vanilla_adaptive_decoder_wt,0.2138,0.2231,0.0692,0.17
2,10,random_seed1,random,decoder_2,0.5278,0.5112,0.0188,0.4374
2,10,random_seed1,random,decoder_3,0.3747,0.3895,0.0338,0.327
2,10,random_seed1,random,decoder_attention,0.2138,0.2223,0.0691,0.1725
2,10,random_seed1,random,hybrid_decoder,0.3671,0.3747,0.0321,0.3142
2,10,random_seed2,random,labeled_marker,0.4805,0.4805,0.0135,0.4805
2,10,random_seed2,random,vanilla_adaptive_decoder,0.4174,0.4155,0.0179,0.4045
2,10,random_seed2,random,vanilla_adaptive_decoder_wt,0.1105,0.1233,0.0863,0.0943
2,10,random_seed2,random,decoder_2,0.237,0.2452,0.0414,0.1854
2,10,random_seed2,random,decoder_3,0.1421,0.1723,0.0764,0.1197
2,10,random_seed2,random,decoder_attention,0.0745,0.0819,0.0838,0.0634
2,10,random_seed2,random,hybrid_decoder,0.4794,0.476,0.0176,0.4592
2,10,random,random,labeled_marker,0.4935,0.489,0.0134,0.4851
2,10,random,random,vanilla_adaptive_decoder,0.431,0.423,0.0201,0.39
2,10,random,random,vanilla_adaptive_decoder_wt,0.1626,0.1767,0.077,0.1314
2,10,random,random,decoder_2,0.4199,0.4048,0.0258,0.338
2,10,random,random,decoder_3,0.257,0.2795,0.0543,0.2214
2,10,random,random,decoder_attention,0.1606,0.169,0.0753,0.1298
2,10,random,random,hybrid_decoder,0.4093,0.4125,0.0267,0.371
3,3,original_3imgs,none,labeled_marker,0.7567,0.6944,0.0097,0.6173
3,3,original_3imgs,none,vanilla_adaptive_decoder,0.6585,0.6096,0.012,0.5323
3,3,original_3imgs,none,vanilla_adaptive_decoder_wt,0.5925,0.5542,0.0144,0.4774
3,3,original_3imgs,none,decoder_2,0.7453,0.6891,0.0103,0.6095
3,3,original_3imgs,none,decoder_3,0.7514,0.7025,0.0102,0.6259
3,3,original_3imgs,none,decoder_attention,0.6601,0.6121,0.0121,0.5351
3,3,original_3imgs,none,hybrid_decoder,0.6759,0.6284,0.0116,0.5516
3,3,al_least_confidence,least_confidence,labeled_marker,0.5127,0.5022,0.0132,0.4928
3,3,al_least_confidence,least_confidence,vanilla_adaptive_decoder,0.4677,0.4416,0.0186,0.3876
3,3,al_least_confidence,least_confidence,vanilla_adaptive_decoder_wt,0.2501,0.2702,0.0514,0.2032
3,3,al_least_confidence,least_confidence,decoder_2,0.6176,0.5759,0.0138,0.5178
3,3,al_least_confidence,least_confidence,decoder_3,0.5646,0.5405,0.0179,0.49
3,3,al_least_confidence,least_confidence,decoder_attention,0.2452,0.2654,0.0509,0.2007
3,3,al_least_confidence,least_confidence,hybrid_decoder,0.4211,0.395,0.021,0.3439
3,3,random_seed0,random,labeled_marker,0.4822,0.4813,0.0135,0.4806
3,3,random_seed0,random,vanilla_adaptive_decoder,0.3765,0.37,0.0233,0.3357
3,3,random_seed0,random,vanilla_adaptive_decoder_wt,0.1117,0.1326,0.0844,0.0912
3,3,random_seed0,random,decoder_2,0.3412,0.3509,0.0357,0.2791
3,3,random_seed0,random,decoder_3,0.1772,0.2019,0.065,0.1536
3,3,random_seed0,random,decoder_attention,0.0729,0.0898,0.0976,0.0593
3,3,random_seed0,random,hybrid_decoder,0.3772,0.3819,0.0253,0.3423
3,3,random_seed1,random,labeled_marker,0.4793,0.4793,0.0136,0.4793
3,3,random_seed1,random,vanilla_adaptive_decoder,0.3806,0.3785,0.0208,0.3461
3,3,random_seed1,random,vanilla_adaptive_decoder_wt,0.1094,0.1319,0.0878,0.0871
3,3,random_seed1,random,decoder_2,0.3028,0.3161,0.0363,0.2443
3,3,random_seed1,random,decoder_3,0.1603,0.1901,0.0702,0.1338
3,3,random_seed1,random,decoder_attention,0.1238,0.1414,0.0846,0.0992
3,3,random_seed1,random,hybrid_decoder,0.3368,0.3519,0.0299,0.3169
3,3,random_seed2,random,labeled_marker,0.597,0.5662,0.012,0.5362
3,3,random_seed2,random,vanilla_adaptive_decoder,0.3171,0.3129,0.0271,0.2542
3,3,random_seed2,random,vanilla_adaptive_decoder_wt,0.1292,0.1566,0.0732,0.1012
3,3,random_seed2,random,decoder_2,0.4574,0.4385,0.0202,0.3693
3,3,random_seed2,random,decoder_3,0.3477,0.3614,0.0312,0.2941
3,3,random_seed2,random,decoder_attention,0.164,0.1878,0.057,0.1276
3,3,random_seed2,random,hybrid_decoder,0.2689,0.2807,0.0329,0.2132
3,3,random,random,labeled_marker,0.5195,0.5089,0.013,0.4987
3,3,random,random,vanilla_adaptive_decoder,0.3581,0.3538,0.0237,0.312
3,3,random,random,vanilla_adaptive_decoder_wt,0.1168,0.1404,0.0818,0.0932
3,3,random,random,decoder_2,0.3671,0.3685,0.0307,0.2976
3,3,random,random,decoder_3,0.2284,0.2511,0.0554,0.1938
3,3,random,random,decoder_attention,0.1202,0.1396,0.0797,0.0954
3,3,random,random,hybrid_decoder,0.3276,0.3382,0.0294,0.2908
3,5,al_least_confidence,least_confidence,labeled_marker,0.5458,0.5262,0.0129,0.5076
3,5,al_least_confidence,least_confidence,vanilla_adaptive_decoder,0.464,0.445,0.02,0.385
3,5,al_least_confidence,least_confidence,vanilla_adaptive_decoder_wt,0.2196,0.2382,0.0574,0.1757
3,5,al_least_confidence,least_confidence,decoder_2,0.6283,0.5967,0.0151,0.5226
3,5,al_least_confidence,least_confidence,decoder_3,0.5739,0.5634,0.0192,0.4986
3,5,al_least_confidence,least_confidence,decoder_attention,0.2886,0.2996,0.044,0.2353
3,5,al_least_confidence,least_confidence,hybrid_decoder,0.3961,0.3828,0.0254,0.3235
3,5,random_seed0,random,labeled_marker,0.4805,0.4805,0.0136,0.4805
3,5,random_seed0,random,vanilla_adaptive_decoder,0.3703,0.3668,0.0216,0.3477
3,5,random_seed0,random,vanilla_adaptive_decoder_wt,0.1028,0.1242,0.0801,0.0822
3,5,random_seed0,random,decoder_2,0.5096,0.4783,0.0197,0.4033
3,5,random_seed0,random,decoder_3,0.1826,0.2052,0.0659,0.1583
3,5,random_seed0,random,decoder_attention,0.1013,0.1161,0.0831,0.0838
3,5,random_seed0,random,hybrid_decoder,0.3971,0.397,0.0253,0.3653
3,5,random_seed1,random,labeled_marker,0.4964,0.4903,0.0134,0.485
3,5,random_seed1,random,vanilla_adaptive_decoder,0.397,0.3946,0.0238,0.3429
3,5,random_seed1,random,vanilla_adaptive_decoder_wt,0.1164,0.1403,0.0853,0.0925
3,5,random_seed1,random,decoder_2,0.558,0.5184,0.0148,0.4493
3,5,random_seed1,random,decoder_3,0.2852,0.31,0.0438,0.2422
3,5,random_seed1,random,decoder_attention,0.2025,0.213,0.0625,0.1597
3,5,random_seed1,random,hybrid_decoder,0.3408,0.3595,0.0318,0.2955
3,5,random_seed2,random,labeled_marker,0.4816,0.4809,0.0136,0.4803
3,5,random_seed2,random,vanilla_adaptive_decoder,0.332,0.3388,0.0306,0.2707
3,5,random_seed2,random,vanilla_adaptive_decoder_wt,0.1205,0.1467,0.0795,0.0952
3,5,random_seed2,random,decoder_2,0.5797,0.537,0.015,0.4611
3,5,random_seed2,random,decoder_3,0.5114,0.512,0.0191,0.4419
3,5,random_seed2,random,decoder_attention,0.1943,0.2155,0.0571,0.1542
3,5,random_seed2,random,hybrid_decoder,0.3085,0.331,0.037,0.255
3,5,random,random,labeled_marker,0.4862,0.4839,0.0135,0.4819
3,5,random,random,vanilla_adaptive_decoder,0.3664,0.3667,0.0253,0.3204
3,5,random,random,vanilla_adaptive_decoder_wt,0.1132,0.1371,0.0816,0.09
3,5,random,random,decoder_2,0.5491,0.5112,0.0165,0.4379
3,5,random,random,decoder_3,0.3264,0.3424,0.0429,0.2808
3,5,random,random,decoder_attention,0.166,0.1815,0.0675,0.1326
3,5,random,random,hybrid_decoder,0.3488,0.3625,0.0314,0.3053
3,10,al_least_confidence,least_confidence,labeled_marker,0.4805,0.4805,0.0136,0.4805
3,10,al_least_confidence,least_confidence,vanilla_adaptive_decoder,0.4701,0.4499,0.0188,0.3984
3,10,al_least_confidence,least_confidence,vanilla_adaptive_decoder_wt,0.2411,0.2541,0.056,0.1918
3,10,al_least_confidence,least_confidence,decoder_2,0.6462,0.6038,0.0134,0.5261
3,10,al_least_confidence,least_confidence,decoder_3,0.5469,0.5437,0.0204,0.479
3,10,al_least_confidence,least_confidence,decoder_attention,0.3256,0.3221,0.0443,0.26
3,10,al_least_confidence,least_confidence,hybrid_decoder,0.4254,0.4096,0.0221,0.3497
3,10,random_seed0,random,labeled_marker,0.4805,0.4805,0.0136,0.4805
3,10,random_seed0,random,vanilla_adaptive_decoder,0.3715,0.3684,0.0217,0.3424
3,10,random_seed0,random,vanilla_adaptive_decoder_wt,0.1398,0.1569,0.078,0.11
3,10,random_seed0,random,decoder_2,0.35,0.3442,0.0178,0.3379
3,10,random_seed0,random,decoder_3,0.1857,0.215,0.0648,0.1581
3,10,random_seed0,random,decoder_attention,0.1489,0.1546,0.0744,0.12
3,10,random_seed0,random,hybrid_decoder,0.3694,0.3771,0.0293,0.3342
3,10,random_seed1,random,labeled_marker,0.4805,0.4805,0.0136,0.4805
3,10,random_seed1,random,vanilla_adaptive_decoder,0.3856,0.3824,0.0216,0.3526
3,10,random_seed1,random,vanilla_adaptive_decoder_wt,0.1503,0.1713,0.0743,0.1187
3,10,random_seed1,random,decoder_2,0.3068,0.2957,0.0223,0.2676
3,10,random_seed1,random,decoder_3,0.1919,0.2215,0.0633,0.1612
3,10,random_seed1,random,decoder_attention,0.1728,0.172,0.0639,0.1355
3,10,random_seed1,random,hybrid_decoder,0.3891,0.4027,0.0286,0.3632
3,10,random_seed2,random,labeled_marker,0.4805,0.4805,0.0136,0.4805
3,10,random_seed2,random,vanilla_adaptive_decoder,0.3594,0.3573,0.023,0.3216
3,10,random_seed2,random,vanilla_adaptive_decoder_wt,0.1451,0.1662,0.0743,0.1151
3,10,random_seed2,random,decoder_2,0.3341,0.3223,0.0215,0.2898
3,10,random_seed2,random,decoder_3,0.1982,0.2283,0.0594,0.1648
3,10,random_seed2,random,decoder_attention,0.1669,0.1773,0.0719,0.1302
3,10,random_seed2,random,hybrid_decoder,0.3043,0.3251,0.0348,0.2757
3,10,random,random,labeled_marker,0.4805,0.4805,0.0136,0.4805
3,10,random,random,vanilla_adaptive_decoder,0.3722,0.3694,0.0221,0.3389
3,10,random,random,vanilla_adaptive_decoder_wt,0.1451,0.1648,0.0755,0.1146
3,10,random,random,decoder_2,0.3303,0.3207,0.0205,0.2984
3,10,random,random,decoder_3,0.1919,0.2216,0.0625,0.1614
3,10,random,random,decoder_attention,0.1629,0.168,0.07,0.1285
3,10,random,random,hybrid_decoder,0.3543,0.3683,0.0309,0.3244
