dataset,split,arm,decoder,paper_name,block,n_train,train_ids,fb,dice,mae,iou,fb_val
brats,1,paper,labeled_marker,FLIM_lm,2,4,BraTS2021_00144_s058|BraTS2021_00740_s088|BraTS2021_00166_s088|BraTS2021_00176_s072,0.6896,0.5822,0.0286,0.4349,0.6846
brats,1,paper,decoder_2,FLIM_pb,1,4,BraTS2021_00144_s058|BraTS2021_00740_s088|BraTS2021_00166_s088|BraTS2021_00176_s072,0.6934,0.5692,0.027,0.4228,0.6806
brats,1,paper,decoder_3,FLIM_mb,1,4,BraTS2021_00144_s058|BraTS2021_00740_s088|BraTS2021_00166_s088|BraTS2021_00176_s072,0.7278,0.6271,0.0253,0.4836,0.7118
brats,1,paper,decoder_attention,FLIM_at,2,4,BraTS2021_00144_s058|BraTS2021_00740_s088|BraTS2021_00166_s088|BraTS2021_00176_s072,0.7044,0.5956,0.027,0.4496,0.6949
brats,1,paper,vanilla_adaptive_decoder,FLIM_ts,2,4,BraTS2021_00144_s058|BraTS2021_00740_s088|BraTS2021_00166_s088|BraTS2021_00176_s072,0.6969,0.577,0.0256,0.4323,0.6841
brats,1,paper,hybrid_decoder,FLIM_lt,2,4,BraTS2021_00144_s058|BraTS2021_00740_s088|BraTS2021_00166_s088|BraTS2021_00176_s072,0.7052,0.5868,0.0254,0.4409,0.6933
brats,1,paper,vanilla_adaptive_decoder_wt,FLIM_ts*,1,4,BraTS2021_00144_s058|BraTS2021_00740_s088|BraTS2021_00166_s088|BraTS2021_00176_s072,0.6827,0.5527,0.0275,0.4076,0.6789
brats,2,paper,labeled_marker,FLIM_lm,1,4,BraTS2021_00026_s081|BraTS2021_01046_s098|BraTS2021_00718_s066|BraTS2021_01113_s058,0.6969,0.5704,0.0268,0.4258,0.6913
brats,2,paper,decoder_2,FLIM_pb,1,4,BraTS2021_00026_s081|BraTS2021_01046_s098|BraTS2021_00718_s066|BraTS2021_01113_s058,0.6701,0.5326,0.0283,0.3849,0.6653
brats,2,paper,decoder_3,FLIM_mb,1,4,BraTS2021_00026_s081|BraTS2021_01046_s098|BraTS2021_00718_s066|BraTS2021_01113_s058,0.7312,0.6255,0.0253,0.4832,0.7225
brats,2,paper,decoder_attention,FLIM_at,1,4,BraTS2021_00026_s081|BraTS2021_01046_s098|BraTS2021_00718_s066|BraTS2021_01113_s058,0.6969,0.5704,0.0268,0.4258,0.6913
brats,2,paper,vanilla_adaptive_decoder,FLIM_ts,1,4,BraTS2021_00026_s081|BraTS2021_01046_s098|BraTS2021_00718_s066|BraTS2021_01113_s058,0.6928,0.5658,0.0266,0.4225,0.6827
brats,2,paper,hybrid_decoder,FLIM_lt,1,4,BraTS2021_00026_s081|BraTS2021_01046_s098|BraTS2021_00718_s066|BraTS2021_01113_s058,0.7247,0.622,0.0253,0.4811,0.7113
brats,2,paper,vanilla_adaptive_decoder_wt,FLIM_ts*,1,4,BraTS2021_00026_s081|BraTS2021_01046_s098|BraTS2021_00718_s066|BraTS2021_01113_s058,0.6969,0.5704,0.0268,0.4258,0.6913
brats,3,paper,labeled_marker,FLIM_lm,1,4,BraTS2021_01393_s102|BraTS2021_00136_s054|BraTS2021_01504_s089|BraTS2021_01030_s055,0.7034,0.5826,0.0266,0.4385,0.6988
brats,3,paper,decoder_2,FLIM_pb,1,4,BraTS2021_01393_s102|BraTS2021_00136_s054|BraTS2021_01504_s089|BraTS2021_01030_s055,0.6773,0.5453,0.0282,0.3976,0.6711
brats,3,paper,decoder_3,FLIM_mb,3,4,BraTS2021_01393_s102|BraTS2021_00136_s054|BraTS2021_01504_s089|BraTS2021_01030_s055,0.757,0.693,0.0238,0.5555,0.7482
brats,3,paper,decoder_attention,FLIM_at,3,4,BraTS2021_01393_s102|BraTS2021_00136_s054|BraTS2021_01504_s089|BraTS2021_01030_s055,0.7235,0.6487,0.0272,0.5053,0.7158
brats,3,paper,vanilla_adaptive_decoder,FLIM_ts,3,4,BraTS2021_01393_s102|BraTS2021_00136_s054|BraTS2021_01504_s089|BraTS2021_01030_s055,0.708,0.6002,0.0248,0.4574,0.7042
brats,3,paper,hybrid_decoder,FLIM_lt,3,4,BraTS2021_01393_s102|BraTS2021_00136_s054|BraTS2021_01504_s089|BraTS2021_01030_s055,0.7485,0.6878,0.0225,0.5527,0.745
brats,3,paper,vanilla_adaptive_decoder_wt,FLIM_ts*,3,4,BraTS2021_01393_s102|BraTS2021_00136_s054|BraTS2021_01504_s089|BraTS2021_01030_s055,0.7144,0.608,0.0257,0.4628,0.7036
brats,1,al_seed0,labeled_marker,FLIM_lm,1,2,BraTS2021_01279_s114|BraTS2021_01521_s091,0.5656,0.4113,0.0321,0.2782,0.5774
brats,1,al_seed0,decoder_2,FLIM_pb,1,2,BraTS2021_01279_s114|BraTS2021_01521_s091,0.3011,0.1796,0.0396,0.103,0.3115
brats,1,al_seed0,decoder_3,FLIM_mb,1,2,BraTS2021_01279_s114|BraTS2021_01521_s091,0.6581,0.5169,0.029,0.3714,0.6538
brats,1,al_seed0,decoder_attention,FLIM_at,1,2,BraTS2021_01279_s114|BraTS2021_01521_s091,0.6379,0.4927,0.03,0.3482,0.6329
brats,1,al_seed0,vanilla_adaptive_decoder,FLIM_ts,1,2,BraTS2021_01279_s114|BraTS2021_01521_s091,0.5307,0.379,0.0329,0.2529,0.5481
brats,1,al_seed0,hybrid_decoder,FLIM_lt,1,2,BraTS2021_01279_s114|BraTS2021_01521_s091,0.5848,0.4304,0.0316,0.2938,0.5942
brats,1,al_seed0,vanilla_adaptive_decoder_wt,FLIM_ts*,1,2,BraTS2021_01279_s114|BraTS2021_01521_s091,0.5307,0.379,0.0329,0.2529,0.5481
brats,1,al_seed1,labeled_marker,FLIM_lm,1,1,BraTS2021_00155_s054,0.6095,0.4581,0.0306,0.3184,0.6137
brats,1,al_seed1,decoder_2,FLIM_pb,1,1,BraTS2021_00155_s054,0.5302,0.3693,0.0343,0.2385,0.5453
brats,1,al_seed1,decoder_3,FLIM_mb,1,1,BraTS2021_00155_s054,0.6677,0.529,0.0285,0.383,0.6604
brats,1,al_seed1,decoder_attention,FLIM_at,1,1,BraTS2021_00155_s054,0.5951,0.4424,0.0311,0.3048,0.6003
brats,1,al_seed1,vanilla_adaptive_decoder,FLIM_ts,1,1,BraTS2021_00155_s054,0.595,0.4423,0.0311,0.3048,0.601
brats,1,al_seed1,hybrid_decoder,FLIM_lt,1,1,BraTS2021_00155_s054,0.6464,0.5016,0.0295,0.3569,0.6376
brats,1,al_seed1,vanilla_adaptive_decoder_wt,FLIM_ts*,1,1,BraTS2021_00155_s054,0.595,0.4423,0.0311,0.3048,0.601
brats,1,al_seed2,labeled_marker,FLIM_lm,2,2,BraTS2021_01492_s094|BraTS2021_01365_s099,0.6928,0.5719,0.0269,0.4265,0.6882
brats,1,al_seed2,decoder_2,FLIM_pb,1,2,BraTS2021_01492_s094|BraTS2021_01365_s099,0.6647,0.5273,0.0281,0.3826,0.6558
brats,1,al_seed2,decoder_3,FLIM_mb,1,2,BraTS2021_01492_s094|BraTS2021_01365_s099,0.7288,0.6233,0.0253,0.4801,0.7136
brats,1,al_seed2,decoder_attention,FLIM_at,2,2,BraTS2021_01492_s094|BraTS2021_01365_s099,0.6997,0.5807,0.0266,0.4352,0.6939
brats,1,al_seed2,vanilla_adaptive_decoder,FLIM_ts,2,2,BraTS2021_01492_s094|BraTS2021_01365_s099,0.6827,0.5596,0.0264,0.4167,0.675
brats,1,al_seed2,hybrid_decoder,FLIM_lt,3,2,BraTS2021_01492_s094|BraTS2021_01365_s099,0.7125,0.6431,0.0231,0.5173,0.7119
brats,1,al_seed2,vanilla_adaptive_decoder_wt,FLIM_ts*,3,2,BraTS2021_01492_s094|BraTS2021_01365_s099,0.6871,0.5912,0.0291,0.4451,0.681
brats,2,al_seed0,labeled_marker,FLIM_lm,1,1,BraTS2021_01385_s082,0.6605,0.5199,0.0284,0.3761,0.6611
brats,2,al_seed0,decoder_2,FLIM_pb,1,1,BraTS2021_01385_s082,0.565,0.4054,0.0333,0.2682,0.5575
brats,2,al_seed0,decoder_3,FLIM_mb,1,1,BraTS2021_01385_s082,0.7033,0.5815,0.0266,0.437,0.7004
brats,2,al_seed0,decoder_attention,FLIM_at,3,1,BraTS2021_01385_s082,0.6793,0.5515,0.027,0.4086,0.6723
brats,2,al_seed0,vanilla_adaptive_decoder,FLIM_ts,1,1,BraTS2021_01385_s082,0.6489,0.506,0.0288,0.3633,0.6529
brats,2,al_seed0,hybrid_decoder,FLIM_lt,1,1,BraTS2021_01385_s082,0.6857,0.5553,0.0274,0.4103,0.6849
brats,2,al_seed0,vanilla_adaptive_decoder_wt,FLIM_ts*,1,1,BraTS2021_01385_s082,0.6492,0.5064,0.0288,0.3636,0.6529
brats,2,al_seed1,labeled_marker,FLIM_lm,2,2,BraTS2021_00284_s090|BraTS2021_01340_s100,0.7167,0.6012,0.026,0.4548,0.7081
brats,2,al_seed1,decoder_2,FLIM_pb,2,2,BraTS2021_00284_s090|BraTS2021_01340_s100,0.6063,0.4845,0.0334,0.3323,0.5808
brats,2,al_seed1,decoder_3,FLIM_mb,2,2,BraTS2021_00284_s090|BraTS2021_01340_s100,0.7338,0.6328,0.0253,0.4863,0.7226
brats,2,al_seed1,decoder_attention,FLIM_at,2,2,BraTS2021_00284_s090|BraTS2021_01340_s100,0.7052,0.5844,0.0263,0.4388,0.6954
brats,2,al_seed1,vanilla_adaptive_decoder,FLIM_ts,2,2,BraTS2021_00284_s090|BraTS2021_01340_s100,0.6909,0.5632,0.0261,0.4199,0.675
brats,2,al_seed1,hybrid_decoder,FLIM_lt,2,2,BraTS2021_00284_s090|BraTS2021_01340_s100,0.7002,0.5755,0.0257,0.4319,0.6818
brats,2,al_seed1,vanilla_adaptive_decoder_wt,FLIM_ts*,2,2,BraTS2021_00284_s090|BraTS2021_01340_s100,0.6912,0.565,0.0268,0.4207,0.6824
brats,2,al_seed2,labeled_marker,FLIM_lm,1,1,BraTS2021_01573_s083,0.7265,0.6188,0.0256,0.4757,0.7176
brats,2,al_seed2,decoder_2,FLIM_pb,1,1,BraTS2021_01573_s083,0.6493,0.5119,0.0301,0.3642,0.6404
brats,2,al_seed2,decoder_3,FLIM_mb,2,1,BraTS2021_01573_s083,0.7409,0.6296,0.0247,0.4838,0.7293
brats,2,al_seed2,decoder_attention,FLIM_at,1,1,BraTS2021_01573_s083,0.719,0.6047,0.0259,0.4608,0.7098
brats,2,al_seed2,vanilla_adaptive_decoder,FLIM_ts,1,1,BraTS2021_01573_s083,0.7071,0.5888,0.0259,0.4461,0.6943
brats,2,al_seed2,hybrid_decoder,FLIM_lt,1,1,BraTS2021_01573_s083,0.7217,0.6153,0.0254,0.4737,0.709
brats,2,al_seed2,vanilla_adaptive_decoder_wt,FLIM_ts*,1,1,BraTS2021_01573_s083,0.7113,0.5937,0.0262,0.4495,0.7024
brats,3,al_seed0,labeled_marker,FLIM_lm,2,3,BraTS2021_01270_s077|BraTS2021_00677_s084|BraTS2021_00507_s081,0.7406,0.6512,0.0255,0.51,0.7283
brats,3,al_seed0,decoder_2,FLIM_pb,1,3,BraTS2021_01270_s077|BraTS2021_00677_s084|BraTS2021_00507_s081,0.6198,0.4737,0.0315,0.3274,0.6089
brats,3,al_seed0,decoder_3,FLIM_mb,1,3,BraTS2021_01270_s077|BraTS2021_00677_s084|BraTS2021_00507_s081,0.7411,0.6524,0.0251,0.5134,0.7353
brats,3,al_seed0,decoder_attention,FLIM_at,2,3,BraTS2021_01270_s077|BraTS2021_00677_s084|BraTS2021_00507_s081,0.7329,0.6372,0.0258,0.4948,0.7196
brats,3,al_seed0,vanilla_adaptive_decoder,FLIM_ts,1,3,BraTS2021_01270_s077|BraTS2021_00677_s084|BraTS2021_00507_s081,0.705,0.5876,0.0259,0.4458,0.7071
brats,3,al_seed0,hybrid_decoder,FLIM_lt,1,3,BraTS2021_01270_s077|BraTS2021_00677_s084|BraTS2021_00507_s081,0.7268,0.6251,0.025,0.4857,0.7276
brats,3,al_seed0,vanilla_adaptive_decoder_wt,FLIM_ts*,1,3,BraTS2021_01270_s077|BraTS2021_00677_s084|BraTS2021_00507_s081,0.7104,0.5938,0.0263,0.4501,0.7071
brats,3,al_seed1,labeled_marker,FLIM_lm,3,2,BraTS2021_00217_s069|BraTS2021_01305_s098,0.7128,0.676,0.0326,0.5426,0.6982
brats,3,al_seed1,decoder_2,FLIM_pb,3,2,BraTS2021_00217_s069|BraTS2021_01305_s098,0.2856,0.3092,0.0762,0.1882,0.2912
brats,3,al_seed1,decoder_3,FLIM_mb,1,2,BraTS2021_00217_s069|BraTS2021_01305_s098,0.7185,0.6099,0.0259,0.4672,0.7097
brats,3,al_seed1,decoder_attention,FLIM_at,3,2,BraTS2021_00217_s069|BraTS2021_01305_s098,0.7203,0.6995,0.0332,0.5741,0.7046
brats,3,al_seed1,vanilla_adaptive_decoder,FLIM_ts,2,2,BraTS2021_00217_s069|BraTS2021_01305_s098,0.6567,0.5261,0.0277,0.3842,0.6523
brats,3,al_seed1,hybrid_decoder,FLIM_lt,1,2,BraTS2021_00217_s069|BraTS2021_01305_s098,0.6728,0.5385,0.0278,0.3948,0.663
brats,3,al_seed1,vanilla_adaptive_decoder_wt,FLIM_ts*,2,2,BraTS2021_00217_s069|BraTS2021_01305_s098,0.6584,0.5282,0.028,0.3856,0.6523
brats,3,al_seed2,labeled_marker,FLIM_lm,2,2,BraTS2021_01476_s077|BraTS2021_01305_s098,0.7238,0.6523,0.0284,0.5109,0.711
brats,3,al_seed2,decoder_2,FLIM_pb,3,2,BraTS2021_01476_s077|BraTS2021_01305_s098,0.4009,0.3789,0.0677,0.2476,0.3854
brats,3,al_seed2,decoder_3,FLIM_mb,1,2,BraTS2021_01476_s077|BraTS2021_01305_s098,0.74,0.6499,0.025,0.5106,0.7332
brats,3,al_seed2,decoder_attention,FLIM_at,1,2,BraTS2021_01476_s077|BraTS2021_01305_s098,0.7312,0.6363,0.0258,0.4955,0.7265
brats,3,al_seed2,vanilla_adaptive_decoder,FLIM_ts,2,2,BraTS2021_01476_s077|BraTS2021_01305_s098,0.6946,0.5893,0.0258,0.4492,0.6958
brats,3,al_seed2,hybrid_decoder,FLIM_lt,1,2,BraTS2021_01476_s077|BraTS2021_01305_s098,0.7165,0.6055,0.0255,0.4641,0.7189
brats,3,al_seed2,vanilla_adaptive_decoder_wt,FLIM_ts*,2,2,BraTS2021_01476_s077|BraTS2021_01305_s098,0.7032,0.6114,0.0284,0.4706,0.6993
