split,criterion,seed,round,n_images,fb,dice,iou,mae,improved,selected,marker_source,pool_size,val_used,rejected
1,coreset,0,1,1,0.6226,0.605,0.5884,0.0107,1,000659,real,31,250,
1,coreset,0,2,2,0.6372,0.6175,0.5981,0.0105,1,000659|000043,real,31,250,
1,coreset,0,3,3,0.6868,0.6445,0.5988,0.0101,1,000659|000043|000601,real,31,250,
1,coreset,0,4,4,0.69,0.6531,0.6131,0.01,1,000659|000043|000601|000919,real,31,250,
1,coreset,0,5,5,0.7232,0.6767,0.6266,0.0094,1,000659|000043|000601|000919|000204,real,31,250,
1,coreset,0,6,6,0.6702,0.636,0.6006,0.0101,0,000659|000043|000601|000919|000204|000917,real,31,250,
1,coreset,0,7,7,0.7346,0.6857,0.6318,0.0093,1,000659|000043|000601|000919|000204|000917|000491,real,31,250,
1,coreset,0,8,8,0.7661,0.7119,0.6488,0.0088,1,000659|000043|000601|000919|000204|000917|000491|000156,real,31,250,
1,coreset,0,9,9,0.7047,0.665,0.6021,0.0113,0,000659|000043|000601|000919|000204|000917|000491|000156|000013,real,31,250,
1,coreset,0,10,10,0.7288,0.6912,0.6267,0.0104,0,000659|000043|000601|000919|000204|000917|000491|000156|000013|000060,real,31,250,
1,coreset,1,1,1,0.7192,0.6731,0.6249,0.0094,1,000675,real,31,250,
1,coreset,1,2,2,0.6764,0.6449,0.6122,0.0098,0,000675|000043,real,31,250,
1,coreset,1,3,3,0.6918,0.6549,0.6177,0.0095,0,000675|000043|000005,real,31,250,
1,coreset,1,4,4,0.7257,0.6853,0.6418,0.0092,1,000675|000043|000005|000060,real,31,250,
1,coreset,1,5,5,0.7663,0.7186,0.6569,0.0087,1,000675|000043|000005|000060|000148,real,31,250,
1,coreset,1,6,6,0.7044,0.6678,0.6259,0.0097,0,000675|000043|000005|000060|000148|000917,real,31,250,
1,coreset,1,7,7,0.7392,0.6937,0.6362,0.0095,0,000675|000043|000005|000060|000148|000917|000601,real,31,250,
1,coreset,1,8,8,0.7096,0.6689,0.6104,0.0107,0,000675|000043|000005|000060|000148|000917|000601|000763,real,31,250,
1,coreset,1,9,9,0.7437,0.6959,0.6306,0.0094,0,000675|000043|000005|000060|000148|000917|000601|000763|000625,real,31,250,
1,coreset,1,10,9,0.7332,0.6887,0.6236,0.0098,0,000675|000043|000005|000060|000148|000917|000601|000763|000156,real,31,250,000625
1,coreset,2,1,1,0.6022,0.5673,0.5204,0.0158,1,000332,real,31,250,
1,coreset,2,2,2,0.3664,0.3706,0.3074,0.0274,0,000332|000601,real,31,250,
1,coreset,2,3,3,0.6539,0.6202,0.5555,0.0128,1,000332|000601|000043,real,31,250,
1,coreset,2,4,4,0.7424,0.6979,0.6315,0.0096,1,000332|000601|000043|000060,real,31,250,
1,coreset,2,5,5,0.7138,0.6711,0.6183,0.0101,0,000332|000601|000043|000060|000917,real,31,250,
1,coreset,2,6,6,0.5609,0.5593,0.5581,0.0115,0,000332|000601|000043|000060|000917|000845,real,31,250,
1,coreset,2,7,7,0.6244,0.6027,0.5833,0.0107,0,000332|000601|000043|000060|000917|000845|000148,real,31,250,
1,coreset,2,8,8,0.6467,0.6205,0.5963,0.0103,0,000332|000601|000043|000060|000917|000845|000148|000479,real,31,250,
1,coreset,2,9,8,0.6644,0.6316,0.6008,0.01,0,000332|000601|000043|000060|000917|000845|000148|000405,real,31,250,000479
1,coreset,2,10,9,0.7144,0.6685,0.6217,0.0093,0,000332|000601|000043|000060|000917|000845|000148|000405|000137,real,31,250,000479
1,coreset,3,1,1,0.6681,0.6351,0.602,0.0107,1,000232,real,31,250,
1,coreset,3,2,2,0.711,0.6694,0.6298,0.0095,1,000232|000043,real,31,250,
1,coreset,3,3,3,0.7055,0.6594,0.598,0.0104,0,000232|000043|000601,real,31,250,
1,coreset,3,4,4,0.7001,0.65,0.5917,0.0097,0,000232|000043|000601|000137,real,31,250,
1,coreset,3,5,5,0.7269,0.6779,0.6173,0.0093,1,000232|000043|000601|000137|000541,real,31,250,
1,coreset,3,6,6,0.7701,0.7156,0.6471,0.0088,1,000232|000043|000601|000137|000541|000917,real,31,250,
1,coreset,3,7,7,0.7673,0.7139,0.6473,0.0087,0,000232|000043|000601|000137|000541|000917|000060,real,31,250,
1,coreset,3,8,8,0.7618,0.7088,0.6435,0.0089,0,000232|000043|000601|000137|000541|000917|000060|000491,real,31,250,
1,coreset,3,9,9,0.7726,0.7174,0.6518,0.0089,1,000232|000043|000601|000137|000541|000917|000060|000491|000659,real,31,250,
1,coreset,3,10,10,0.5551,0.5528,0.551,0.0116,0,000232|000043|000601|000137|000541|000917|000060|000491|000659|000845,real,31,250,
1,coreset,4,1,1,0.7717,0.7221,0.6596,0.0085,1,000156,real,31,250,
1,coreset,4,2,2,0.7798,0.7243,0.6584,0.0086,1,000156|000017,real,31,250,
1,coreset,4,3,3,0.7819,0.7274,0.665,0.0084,1,000156|000017|000659,real,31,250,
1,coreset,4,4,4,0.7728,0.7185,0.6507,0.0088,0,000156|000017|000659|000601,real,31,250,
1,coreset,4,5,5,0.7788,0.7227,0.6548,0.0084,0,000156|000017|000659|000601|000043,real,31,250,
1,coreset,4,6,6,0.7407,0.6929,0.6374,0.0092,0,000156|000017|000659|000601|000043|000917,real,31,250,
1,coreset,4,7,7,0.7868,0.7311,0.6633,0.0084,1,000156|000017|000659|000601|000043|000917|000491,real,31,250,
1,coreset,4,8,8,0.7847,0.7278,0.658,0.0084,0,000156|000017|000659|000601|000043|000917|000491|000541,real,31,250,
1,coreset,4,9,9,0.7807,0.727,0.6589,0.0083,0,000156|000017|000659|000601|000043|000917|000491|000541|000625,real,31,250,
1,coreset,4,10,10,0.7786,0.7245,0.6558,0.0087,0,000156|000017|000659|000601|000043|000917|000491|000541|000625|000675,real,31,250,
1,coreset,5,1,1,0.6681,0.6351,0.602,0.0107,1,000232,real,31,250,
1,coreset,5,2,2,0.711,0.6694,0.6298,0.0095,1,000232|000043,real,31,250,
1,coreset,5,3,3,0.7055,0.6594,0.598,0.0104,0,000232|000043|000601,real,31,250,
1,coreset,5,4,4,0.7001,0.65,0.5917,0.0097,0,000232|000043|000601|000137,real,31,250,
1,coreset,5,5,5,0.7269,0.6779,0.6173,0.0093,1,000232|000043|000601|000137|000541,real,31,250,
1,coreset,5,6,6,0.7701,0.7156,0.6471,0.0088,1,000232|000043|000601|000137|000541|000917,real,31,250,
1,coreset,5,7,7,0.7673,0.7139,0.6473,0.0087,0,000232|000043|000601|000137|000541|000917|000060,real,31,250,
1,coreset,5,8,8,0.7618,0.7088,0.6435,0.0089,0,000232|000043|000601|000137|000541|000917|000060|000491,real,31,250,
1,coreset,5,9,9,0.7726,0.7174,0.6518,0.0089,1,000232|000043|000601|000137|000541|000917|000060|000491|000659,real,31,250,
1,coreset,5,10,10,0.552,0.552,0.552,0.0116,0,000232|000043|000601|000137|000541|000917|000060|000491|000659|000845,real,31,250,
1,coreset,6,1,1,0.6268,0.5855,0.5407,0.0114,1,000137,real,31,250,
1,coreset,6,2,2,0.7115,0.6685,0.6268,0.0097,1,000137|000043,real,31,250,
1,coreset,6,3,3,0.7358,0.6859,0.6326,0.0096,1,000137|000043|000479,real,31,250,
1,coreset,6,4,4,0.7395,0.6923,0.6432,0.009,1,000137|000043|000479|000060,real,31,250,
1,coreset,6,5,5,0.7326,0.6864,0.6386,0.0091,0,000137|000043|000479|000060|000405,real,31,250,
1,coreset,6,6,6,0.7483,0.7003,0.6472,0.0089,1,000137|000043|000479|000060|000405|000541,real,31,250,
1,coreset,6,7,7,0.7469,0.6967,0.643,0.0088,0,000137|000043|000479|000060|000405|000541|000659,real,31,250,
1,coreset,6,8,8,0.7531,0.7017,0.6413,0.0091,1,000137|000043|000479|000060|000405|000541|000659|000601,real,31,250,
1,coreset,6,9,9,0.6783,0.6362,0.5723,0.0113,0,000137|000043|000479|000060|000405|000541|000659|000601|000013,real,31,250,
1,coreset,6,10,10,0.6941,0.6513,0.5874,0.0107,0,000137|000043|000479|000060|000405|000541|000659|000601|000013|000024,real,31,250,
1,coreset,7,1,1,0.556,0.556,0.556,0.0116,1,000845,real,31,250,
1,coreset,7,2,2,0.556,0.556,0.556,0.0116,0,000845|000043,real,31,250,
1,coreset,7,3,3,0.556,0.556,0.556,0.0116,0,000845|000043|000060,real,31,250,
1,coreset,7,4,4,0.556,0.556,0.556,0.0116,0,000845|000043|000060|000601,real,31,250,
1,coreset,7,5,5,0.556,0.556,0.556,0.0116,0,000845|000043|000060|000601|000137,real,31,250,
1,coreset,7,6,5,0.556,0.556,0.556,0.0116,0,000845|000043|000060|000601|000479,real,31,250,000137
1,coreset,7,7,6,0.5817,0.5705,0.5611,0.0113,1,000845|000043|000060|000601|000479|000391,real,31,250,000137
1,coreset,7,8,7,0.6088,0.5889,0.572,0.0109,1,000845|000043|000060|000601|000479|000391|000018,real,31,250,000137
1,coreset,7,9,8,0.6055,0.5864,0.5703,0.0109,0,000845|000043|000060|000601|000479|000391|000018|000148,real,31,250,000137
1,coreset,7,10,9,0.7076,0.6613,0.6132,0.0094,1,000845|000043|000060|000601|000479|000391|000018|000148|000405,real,31,250,000137
1,coreset,8,1,1,0.6022,0.5673,0.5204,0.0158,1,000332,real,31,250,
1,coreset,8,2,2,0.3664,0.3706,0.3074,0.0274,0,000332|000601,real,31,250,
1,coreset,8,3,3,0.6539,0.6202,0.5555,0.0128,1,000332|000601|000043,real,31,250,
1,coreset,8,4,4,0.7424,0.6979,0.6315,0.0096,1,000332|000601|000043|000060,real,31,250,
1,coreset,8,5,5,0.7138,0.6711,0.6183,0.0101,0,000332|000601|000043|000060|000917,real,31,250,
1,coreset,8,6,6,0.5609,0.5593,0.5581,0.0115,0,000332|000601|000043|000060|000917|000845,real,31,250,
1,coreset,8,7,7,0.6452,0.6184,0.5937,0.0103,0,000332|000601|000043|000060|000917|000845|000148,real,31,250,
1,coreset,8,8,8,0.6405,0.6157,0.5928,0.0104,0,000332|000601|000043|000060|000917|000845|000148|000479,real,31,250,
1,coreset,8,9,8,0.6437,0.6178,0.5935,0.0103,0,000332|000601|000043|000060|000917|000845|000148|000675,real,31,250,000479
1,coreset,8,10,9,0.6529,0.6226,0.5942,0.0102,0,000332|000601|000043|000060|000917|000845|000148|000675|000005,real,31,250,000479
2,coreset,0,1,1,0.5022,0.4858,0.4701,0.0139,1,000659,real,31,250,
2,coreset,0,2,2,0.5143,0.494,0.4738,0.0138,1,000659|000043,real,31,250,
2,coreset,0,3,3,0.6295,0.5778,0.5226,0.0128,1,000659|000043|000601,real,31,250,
2,coreset,0,4,4,0.6114,0.5683,0.5211,0.0133,0,000659|000043|000601|000919,real,31,250,
2,coreset,0,5,5,0.6483,0.5942,0.5372,0.0121,1,000659|000043|000601|000919|000204,real,31,250,
2,coreset,0,6,6,0.5838,0.5457,0.5049,0.0136,0,000659|000043|000601|000919|000204|000917,real,31,250,
2,coreset,0,7,7,0.6586,0.6032,0.5409,0.0127,1,000659|000043|000601|000919|000204|000917|000491,real,31,250,
2,coreset,0,8,8,0.72,0.6565,0.5803,0.0115,1,000659|000043|000601|000919|000204|000917|000491|000156,real,31,250,
2,coreset,0,9,9,0.6381,0.5922,0.5163,0.0146,0,000659|000043|000601|000919|000204|000917|000491|000156|000013,real,31,250,
2,coreset,0,10,10,0.6718,0.6291,0.5514,0.0135,0,000659|000043|000601|000919|000204|000917|000491|000156|000013|000060,real,31,250,
2,coreset,1,1,1,0.6403,0.5884,0.5322,0.0123,1,000675,real,31,250,
2,coreset,1,2,2,0.5943,0.5591,0.5219,0.0127,0,000675|000043,real,31,250,
2,coreset,1,3,3,0.6079,0.5701,0.5294,0.0127,0,000675|000043|000005,real,31,250,
2,coreset,1,4,4,0.6426,0.5939,0.539,0.0123,1,000675|000043|000005|000060,real,31,250,
2,coreset,1,5,5,0.7237,0.6675,0.5918,0.0116,1,000675|000043|000005|000060|000148,real,31,250,
2,coreset,1,6,6,0.6326,0.5892,0.5372,0.0134,0,000675|000043|000005|000060|000148|000917,real,31,250,
2,coreset,1,7,7,0.6935,0.6389,0.5684,0.0128,0,000675|000043|000005|000060|000148|000917|000601,real,31,250,
2,coreset,1,8,8,0.657,0.6086,0.5374,0.014,0,000675|000043|000005|000060|000148|000917|000601|000763,real,31,250,
2,coreset,1,9,9,0.7195,0.6656,0.5876,0.0125,0,000675|000043|000005|000060|000148|000917|000601|000763|000625,real,31,250,
2,coreset,1,10,9,0.7083,0.659,0.5802,0.0127,0,000675|000043|000005|000060|000148|000917|000601|000763|000156,real,31,250,000625
2,coreset,2,1,1,0.4997,0.4615,0.4066,0.0207,1,000332,real,31,250,
2,coreset,2,2,2,0.3424,0.3535,0.2728,0.0321,0,000332|000601,real,31,250,
2,coreset,2,3,3,0.5951,0.5564,0.477,0.0159,1,000332|000601|000043,real,31,250,
2,coreset,2,4,4,0.6976,0.6482,0.5676,0.0125,1,000332|000601|000043|000060,real,31,250,
2,coreset,2,5,5,0.6552,0.6043,0.54,0.014,0,000332|000601|000043|000060|000917,real,31,250,
2,coreset,2,6,6,0.4807,0.4709,0.4627,0.014,0,000332|000601|000043|000060|000917|000845,real,31,250,
2,coreset,2,7,7,0.5679,0.5355,0.5054,0.0128,0,000332|000601|000043|000060|000917|000845|000148,real,31,250,
2,coreset,2,8,8,0.5232,0.5013,0.4821,0.0134,0,000332|000601|000043|000060|000917|000845|000148|000479,real,31,250,
2,coreset,2,9,8,0.5692,0.537,0.5068,0.0128,0,000332|000601|000043|000060|000917|000845|000148|000675,real,31,250,000479
2,coreset,2,10,9,0.6082,0.5631,0.5204,0.0123,0,000332|000601|000043|000060|000917|000845|000148|000675|000005,real,31,250,000479
2,coreset,3,1,1,0.618,0.5748,0.5308,0.0127,1,000232,real,31,250,
2,coreset,3,2,2,0.6409,0.5911,0.5437,0.0118,1,000232|000043,real,31,250,
2,coreset,3,3,3,0.6592,0.6065,0.5313,0.0124,1,000232|000043|000601,real,31,250,
2,coreset,3,4,4,0.682,0.6243,0.5521,0.0119,1,000232|000043|000601|000137,real,31,250,
2,coreset,3,5,5,0.6954,0.6389,0.5646,0.0115,1,000232|000043|000601|000137|000541,real,31,250,
2,coreset,3,6,6,0.7313,0.6714,0.5902,0.0115,1,000232|000043|000601|000137|000541|000917,real,31,250,
2,coreset,3,7,7,0.7455,0.6842,0.6036,0.0108,1,000232|000043|000601|000137|000541|000917|000060,real,31,250,
2,coreset,3,8,8,0.7499,0.6882,0.6088,0.0108,1,000232|000043|000601|000137|000541|000917|000060|000491,real,31,250,
2,coreset,3,9,9,0.7415,0.6767,0.5976,0.011,0,000232|000043|000601|000137|000541|000917|000060|000491|000659,real,31,250,
2,coreset,3,10,10,0.456,0.456,0.456,0.0144,0,000232|000043|000601|000137|000541|000917|000060|000491|000659|000845,real,31,250,
2,coreset,4,1,1,0.7511,0.6932,0.6164,0.0104,1,000156,real,31,250,
2,coreset,4,2,2,0.7568,0.6921,0.6106,0.0107,1,000156|000017,real,31,250,
2,coreset,4,3,3,0.7382,0.6725,0.5937,0.0108,0,000156|000017|000659,real,31,250,
2,coreset,4,4,4,0.7462,0.6839,0.6025,0.0111,0,000156|000017|000659|000601,real,31,250,
2,coreset,4,5,5,0.7424,0.678,0.5982,0.0105,0,000156|000017|000659|000601|000043,real,31,250,
2,coreset,4,6,6,0.6705,0.6141,0.5479,0.0125,0,000156|000017|000659|000601|000043|000917,real,31,250,
2,coreset,4,7,6,0.751,0.6867,0.6046,0.0108,0,000156|000017|000659|000601|000043|000491,real,31,250,000917
2,coreset,4,8,7,0.7332,0.673,0.5938,0.0111,0,000156|000017|000659|000601|000043|000491|000541,real,31,250,000917
2,coreset,4,9,8,0.7402,0.6798,0.6029,0.011,0,000156|000017|000659|000601|000043|000491|000541|000479,real,31,250,000917
2,coreset,4,10,9,0.7365,0.6747,0.5961,0.0111,0,000156|000017|000659|000601|000043|000491|000541|000479|000007,real,31,250,000917
2,coreset,5,1,1,0.618,0.5748,0.5308,0.0127,1,000232,real,31,250,
2,coreset,5,2,2,0.6409,0.5911,0.5437,0.0118,1,000232|000043,real,31,250,
2,coreset,5,3,3,0.6592,0.6065,0.5313,0.0124,1,000232|000043|000601,real,31,250,
2,coreset,5,4,4,0.682,0.6243,0.5521,0.0119,1,000232|000043|000601|000137,real,31,250,
2,coreset,5,5,5,0.6954,0.6389,0.5646,0.0115,1,000232|000043|000601|000137|000541,real,31,250,
2,coreset,5,6,6,0.7313,0.6714,0.5902,0.0115,1,000232|000043|000601|000137|000541|000917,real,31,250,
2,coreset,5,7,7,0.7455,0.6842,0.6036,0.0108,1,000232|000043|000601|000137|000541|000917|000060,real,31,250,
2,coreset,5,8,8,0.7499,0.6882,0.6088,0.0108,1,000232|000043|000601|000137|000541|000917|000060|000491,real,31,250,
2,coreset,5,9,9,0.7415,0.6767,0.5976,0.011,0,000232|000043|000601|000137|000541|000917|000060|000491|000659,real,31,250,
2,coreset,5,10,10,0.4542,0.4534,0.4529,0.0144,0,000232|000043|000601|000137|000541|000917|000060|000491|000659|000845,real,31,250,
2,coreset,6,1,1,0.5664,0.5161,0.464,0.014,1,000137,real,31,250,
2,coreset,6,2,2,0.6444,0.5921,0.5401,0.012,1,000137|000043,real,31,250,
2,coreset,6,3,3,0.6886,0.6281,0.5625,0.0116,1,000137|000043|000479,real,31,250,
2,coreset,6,4,4,0.6922,0.6329,0.5704,0.0109,1,000137|000043|000479|000060,real,31,250,
2,coreset,6,5,5,0.6821,0.626,0.5668,0.0111,0,000137|000043|000479|000060|000405,real,31,250,
2,coreset,6,6,6,0.7153,0.6541,0.5864,0.0107,1,000137|000043|000479|000060|000405|000541,real,31,250,
2,coreset,6,7,7,0.7185,0.6549,0.5862,0.0106,1,000137|000043|000479|000060|000405|000541|000659,real,31,250,
2,coreset,6,8,8,0.7472,0.6855,0.6109,0.0109,1,000137|000043|000479|000060|000405|000541|000659|000601,real,31,250,
2,coreset,6,9,9,0.6312,0.5857,0.5073,0.0135,0,000137|000043|000479|000060|000405|000541|000659|000601|000013,real,31,250,
2,coreset,6,10,10,0.6442,0.5976,0.5192,0.0129,0,000137|000043|000479|000060|000405|000541|000659|000601|000013|000024,real,31,250,
2,coreset,7,1,1,0.456,0.456,0.456,0.0144,1,000845,real,31,250,
2,coreset,7,2,2,0.456,0.456,0.456,0.0144,0,000845|000043,real,31,250,
2,coreset,7,3,3,0.456,0.456,0.456,0.0144,0,000845|000043|000060,real,31,250,
2,coreset,7,4,4,0.456,0.456,0.456,0.0144,0,000845|000043|000060|000601,real,31,250,
2,coreset,7,5,5,0.456,0.456,0.456,0.0144,0,000845|000043|000060|000601|000137,real,31,250,
2,coreset,7,6,5,0.456,0.456,0.456,0.0144,0,000845|000043|000060|000601|000479,real,31,250,000137
2,coreset,7,7,6,0.4793,0.4688,0.46,0.014,1,000845|000043|000060|000601|000479|000391,real,31,250,000137
2,coreset,7,8,7,0.5167,0.4946,0.4758,0.0136,1,000845|000043|000060|000601|000479|000391|000018,real,31,250,000137
2,coreset,7,9,8,0.5066,0.4875,0.4712,0.0137,0,000845|000043|000060|000601|000479|000391|000018|000148,real,31,250,000137
2,coreset,7,10,9,0.6533,0.5939,0.5336,0.0117,1,000845|000043|000060|000601|000479|000391|000018|000148|000405,real,31,250,000137
2,coreset,8,1,1,0.4997,0.4615,0.4066,0.0207,1,000332,real,31,250,
2,coreset,8,2,2,0.3424,0.3535,0.2728,0.0321,0,000332|000601,real,31,250,
2,coreset,8,3,3,0.5951,0.5564,0.477,0.0159,1,000332|000601|000043,real,31,250,
2,coreset,8,4,4,0.6976,0.6482,0.5676,0.0125,1,000332|000601|000043|000060,real,31,250,
2,coreset,8,5,5,0.6552,0.6043,0.54,0.014,0,000332|000601|000043|000060|000917,real,31,250,
2,coreset,8,6,6,0.4807,0.4709,0.4627,0.014,0,000332|000601|000043|000060|000917|000845,real,31,250,
2,coreset,8,7,7,0.5679,0.5355,0.5054,0.0128,0,000332|000601|000043|000060|000917|000845|000148,real,31,250,
2,coreset,8,8,8,0.5594,0.529,0.5008,0.0129,0,000332|000601|000043|000060|000917|000845|000148|000479,real,31,250,
2,coreset,8,9,8,0.6144,0.5644,0.5175,0.0122,0,000332|000601|000043|000060|000917|000845|000148|000405,real,31,250,000479
2,coreset,8,10,9,0.5358,0.5113,0.4892,0.0133,0,000332|000601|000043|000060|000917|000845|000148|000405|000659,real,31,250,000479
3,coreset,0,1,1,0.5545,0.5288,0.5041,0.0126,1,000659,real,31,250,
3,coreset,0,2,2,0.5713,0.5423,0.5133,0.0123,1,000659|000043,real,31,250,
3,coreset,0,3,3,0.6394,0.5928,0.542,0.0117,1,000659|000043|000601,real,31,250,
3,coreset,0,4,4,0.6284,0.5859,0.5376,0.0116,0,000659|000043|000601|000919,real,31,250,
3,coreset,0,5,5,0.6766,0.6228,0.5657,0.0111,1,000659|000043|000601|000919|000204,real,31,250,
3,coreset,0,6,6,0.6311,0.5877,0.5405,0.0115,0,000659|000043|000601|000919|000204|000917,real,31,250,
3,coreset,0,7,7,0.6911,0.6345,0.5713,0.0109,1,000659|000043|000601|000919|000204|000917|000491,real,31,250,
3,coreset,0,8,8,0.7328,0.6708,0.5982,0.01,1,000659|000043|000601|000919|000204|000917|000491|000156,real,31,250,
3,coreset,0,9,9,0.6516,0.6086,0.5382,0.0133,0,000659|000043|000601|000919|000204|000917|000491|000156|000013,real,31,250,
3,coreset,0,10,10,0.6857,0.642,0.5684,0.0122,0,000659|000043|000601|000919|000204|000917|000491|000156|000013|000060,real,31,250,
3,coreset,1,1,1,0.6554,0.6075,0.5546,0.0111,1,000675,real,31,250,
3,coreset,1,2,2,0.6247,0.5883,0.5485,0.0115,0,000675|000043,real,31,250,
3,coreset,1,3,3,0.6413,0.6012,0.5572,0.0114,0,000675|000043|000005,real,31,250,
3,coreset,1,4,4,0.6903,0.6381,0.5807,0.0107,1,000675|000043|000005|000060,real,31,250,
3,coreset,1,5,5,0.7412,0.6872,0.6172,0.0099,1,000675|000043|000005|000060|000148,real,31,250,
3,coreset,1,6,6,0.6765,0.6307,0.5753,0.0113,0,000675|000043|000005|000060|000148|000917,real,31,250,
3,coreset,1,7,7,0.7236,0.6694,0.6013,0.0107,0,000675|000043|000005|000060|000148|000917|000601,real,31,250,
3,coreset,1,8,8,0.6802,0.6338,0.5664,0.0123,0,000675|000043|000005|000060|000148|000917|000601|000763,real,31,250,
3,coreset,1,9,9,0.7195,0.668,0.5948,0.0108,0,000675|000043|000005|000060|000148|000917|000601|000763|000625,real,31,250,
3,coreset,1,10,9,0.704,0.6575,0.5857,0.0114,0,000675|000043|000005|000060|000148|000917|000601|000763|000156,real,31,250,000625
3,coreset,2,1,1,0.5416,0.5015,0.4444,0.0186,1,000332,real,31,250,
3,coreset,2,2,2,0.3527,0.3579,0.2863,0.0311,0,000332|000601,real,31,250,
3,coreset,2,3,3,0.5867,0.549,0.4763,0.0143,1,000332|000601|000043,real,31,250,
3,coreset,2,4,4,0.681,0.6335,0.5599,0.0116,1,000332|000601|000043|000060,real,31,250,
3,coreset,2,5,5,0.6924,0.6398,0.5747,0.0117,1,000332|000601|000043|000060|000917,real,31,250,
3,coreset,2,6,6,0.4709,0.4686,0.4669,0.0137,0,000332|000601|000043|000060|000917|000845,real,31,250,
3,coreset,2,7,7,0.5778,0.5448,0.5143,0.0124,0,000332|000601|000043|000060|000917|000845|000148,real,31,250,
3,coreset,2,8,8,0.5632,0.535,0.5088,0.0126,0,000332|000601|000043|000060|000917|000845|000148|000479,real,31,250,
3,coreset,2,9,9,0.6364,0.5934,0.5501,0.0116,0,000332|000601|000043|000060|000917|000845|000148|000479|000405,real,31,250,
3,coreset,2,10,9,0.5721,0.5418,0.5137,0.0125,0,000332|000601|000043|000060|000917|000845|000148|000479|000005,real,31,250,000405
3,coreset,3,1,1,0.593,0.5614,0.5288,0.0126,1,000232,real,31,250,
3,coreset,3,2,2,0.6673,0.617,0.5674,0.0111,1,000232|000043,real,31,250,
3,coreset,3,3,3,0.6344,0.5864,0.5219,0.0118,0,000232|000043|000601,real,31,250,
3,coreset,3,4,4,0.6303,0.5805,0.5202,0.0119,0,000232|000043|000601|000137,real,31,250,
3,coreset,3,5,5,0.6612,0.6118,0.5497,0.0111,0,000232|000043|000601|000137|000541,real,31,250,
3,coreset,3,6,6,0.7258,0.6696,0.5941,0.0109,1,000232|000043|000601|000137|000541|000917,real,31,250,
3,coreset,3,7,7,0.7278,0.6707,0.5969,0.0105,1,000232|000043|000601|000137|000541|000917|000060,real,31,250,
3,coreset,3,8,8,0.7393,0.6819,0.6095,0.0102,1,000232|000043|000601|000137|000541|000917|000060|000491,real,31,250,
3,coreset,3,9,9,0.7427,0.6835,0.6108,0.0101,1,000232|000043|000601|000137|000541|000917|000060|000491|000659,real,31,250,
3,coreset,3,10,10,0.4665,0.4657,0.4651,0.0139,0,000232|000043|000601|000137|000541|000917|000060|000491|000659|000845,real,31,250,
3,coreset,4,1,1,0.7581,0.704,0.6339,0.0097,1,000156,real,31,250,
3,coreset,4,2,2,0.7686,0.7077,0.6333,0.0097,1,000156|000017,real,31,250,
3,coreset,4,3,3,0.7576,0.6961,0.6236,0.0096,0,000156|000017|000659,real,31,250,
3,coreset,4,4,4,0.7443,0.6862,0.6117,0.0104,0,000156|000017|000659|000601,real,31,250,
3,coreset,4,5,5,0.7484,0.6894,0.6178,0.0098,0,000156|000017|000659|000601|000043,real,31,250,
3,coreset,4,6,6,0.7116,0.6549,0.5893,0.0105,0,000156|000017|000659|000601|000043|000917,real,31,250,
3,coreset,4,7,6,0.7533,0.6937,0.6189,0.0102,0,000156|000017|000659|000601|000043|000491,real,31,250,000917
3,coreset,4,8,7,0.7314,0.6769,0.6056,0.0105,0,000156|000017|000659|000601|000043|000491|000541,real,31,250,000917
3,coreset,4,9,8,0.7212,0.6657,0.597,0.0107,0,000156|000017|000659|000601|000043|000491|000541|000479,real,31,250,000917
3,coreset,4,10,9,0.7244,0.6683,0.5981,0.0106,0,000156|000017|000659|000601|000043|000491|000541|000479|000007,real,31,250,000917
3,coreset,5,1,1,0.593,0.5614,0.5288,0.0126,1,000232,real,31,250,
3,coreset,5,2,2,0.6673,0.617,0.5674,0.0111,1,000232|000043,real,31,250,
3,coreset,5,3,3,0.6344,0.5864,0.5219,0.0118,0,000232|000043|000601,real,31,250,
3,coreset,5,4,4,0.6303,0.5805,0.5202,0.0119,0,000232|000043|000601|000137,real,31,250,
3,coreset,5,5,5,0.6612,0.6118,0.5497,0.0111,0,000232|000043|000601|000137|000541,real,31,250,
3,coreset,5,6,6,0.7258,0.6696,0.5941,0.0109,1,000232|000043|000601|000137|000541|000917,real,31,250,
3,coreset,5,7,7,0.7278,0.6707,0.5969,0.0105,1,000232|000043|000601|000137|000541|000917|000060,real,31,250,
3,coreset,5,8,8,0.7393,0.6819,0.6095,0.0102,1,000232|000043|000601|000137|000541|000917|000060|000491,real,31,250,
3,coreset,5,9,9,0.7427,0.6835,0.6108,0.0101,1,000232|000043|000601|000137|000541|000917|000060|000491|000659,real,31,250,
3,coreset,5,10,10,0.4665,0.4657,0.4651,0.0139,0,000232|000043|000601|000137|000541|000917|000060|000491|000659|000845,real,31,250,
3,coreset,6,1,1,0.5692,0.5257,0.4797,0.0133,1,000137,real,31,250,
3,coreset,6,2,2,0.6458,0.5969,0.549,0.0117,1,000137|000043,real,31,250,
3,coreset,6,3,3,0.6714,0.6188,0.5626,0.0112,1,000137|000043|000479,real,31,250,
3,coreset,6,4,4,0.6753,0.6247,0.5716,0.011,1,000137|000043|000479|000060,real,31,250,
3,coreset,6,5,5,0.6694,0.6206,0.5696,0.0111,0,000137|000043|000479|000060|000405,real,31,250,
3,coreset,6,6,6,0.6901,0.6388,0.5819,0.0107,1,000137|000043|000479|000060|000405|000541,real,31,250,
3,coreset,6,7,7,0.7146,0.656,0.5937,0.0104,1,000137|000043|000479|000060|000405|000541|000659,real,31,250,
3,coreset,6,8,8,0.7057,0.6508,0.5858,0.011,0,000137|000043|000479|000060|000405|000541|000659|000601,real,31,250,
3,coreset,6,9,9,0.6226,0.5805,0.5118,0.0126,0,000137|000043|000479|000060|000405|000541|000659|000601|000013,real,31,250,
3,coreset,6,10,10,0.6363,0.5926,0.524,0.0121,0,000137|000043|000479|000060|000405|000541|000659|000601|000013|000024,real,31,250,
3,coreset,7,1,1,0.464,0.464,0.464,0.0138,1,000845,real,31,250,
3,coreset,7,2,2,0.464,0.464,0.464,0.0138,0,000845|000043,real,31,250,
3,coreset,7,3,3,0.464,0.464,0.464,0.0138,0,000845|000043|000060,real,31,250,
3,coreset,7,4,4,0.464,0.464,0.464,0.0138,0,000845|000043|000060|000601,real,31,250,
3,coreset,7,5,5,0.464,0.464,0.464,0.0138,0,000845|000043|000060|000601|000137,real,31,250,
3,coreset,7,6,5,0.464,0.464,0.464,0.0138,0,000845|000043|000060|000601|000479,real,31,250,000137
3,coreset,7,7,6,0.4918,0.4813,0.4724,0.0136,1,000845|000043|000060|000601|000479|000391,real,31,250,000137
3,coreset,7,8,7,0.5237,0.5047,0.4882,0.0132,1,000845|000043|000060|000601|000479|000391|000018,real,31,250,000137
3,coreset,7,9,8,0.5409,0.5179,0.4975,0.013,1,000845|000043|000060|000601|000479|000391|000018|000148,real,31,250,000137
3,coreset,7,10,9,0.6802,0.6235,0.5657,0.011,1,000845|000043|000060|000601|000479|000391|000018|000148|000405,real,31,250,000137
3,coreset,8,1,1,0.5416,0.5015,0.4444,0.0186,1,000332,real,31,250,
3,coreset,8,2,2,0.3527,0.3579,0.2863,0.0311,0,000332|000601,real,31,250,
3,coreset,8,3,3,0.5867,0.549,0.4763,0.0143,1,000332|000601|000043,real,31,250,
3,coreset,8,4,4,0.681,0.6335,0.5599,0.0116,1,000332|000601|000043|000060,real,31,250,
3,coreset,8,5,5,0.6924,0.6398,0.5747,0.0117,1,000332|000601|000043|000060|000917,real,31,250,
3,coreset,8,6,6,0.4709,0.4686,0.4669,0.0137,0,000332|000601|000043|000060|000917|000845,real,31,250,
3,coreset,8,7,7,0.5778,0.5448,0.5143,0.0124,0,000332|000601|000043|000060|000917|000845|000148,real,31,250,
3,coreset,8,8,8,0.5328,0.512,0.4935,0.0131,0,000332|000601|000043|000060|000917|000845|000148|000479,real,31,250,
3,coreset,8,9,9,0.6117,0.5732,0.5349,0.0119,0,000332|000601|000043|000060|000917|000845|000148|000479|000405,real,31,250,
3,coreset,8,10,9,0.5721,0.5418,0.5137,0.0125,0,000332|000601|000043|000060|000917|000845|000148|000479|000005,real,31,250,000405
