split,budget,arm,seed,acquisition,n_train_imgs,coverage,fb,dice,mae,iou,collapsed
1,3,al,0,entropy,3,,0.275,0.2292,0.0153,0.1685,0
1,3,rand,0,entropy,3,,0.3602,0.3659,0.0201,0.2947,0
1,3,al,1,entropy,3,,0.2963,0.2461,0.0145,0.189,0
1,3,rand,1,entropy,3,,0.4793,0.4793,0.0136,0.4793,1
1,3,al,2,entropy,3,,0.2915,0.2439,0.0148,0.1849,0
1,3,rand,2,entropy,3,,0.5051,0.4865,0.0133,0.4742,0
1,3,al,3,entropy,3,,0.3116,0.262,0.0148,0.2029,0
1,3,rand,3,entropy,3,,0.4793,0.4793,0.0136,0.4793,1
1,3,al,4,entropy,3,,0.3242,0.2733,0.0144,0.2161,0
1,3,rand,4,entropy,3,,0.4107,0.4136,0.0175,0.3458,0
1,5,al,0,entropy,5,,0.5526,0.5018,0.0104,0.4313,0
1,5,rand,0,entropy,5,,0.3924,0.3743,0.0146,0.3027,0
1,5,al,1,entropy,5,,0.5762,0.5251,0.0102,0.4541,0
1,5,rand,1,entropy,5,,0.4436,0.4301,0.0146,0.3613,0
1,5,al,2,entropy,5,,0.5493,0.4994,0.0103,0.4292,0
1,5,rand,2,entropy,5,,0.4716,0.4376,0.0125,0.3735,0
1,5,al,3,entropy,5,,0.4875,0.4389,0.0111,0.3705,0
1,5,rand,3,entropy,5,,0.5702,0.5292,0.0117,0.459,0
1,5,al,4,entropy,5,,0.5307,0.4793,0.0106,0.4109,0
1,5,rand,4,entropy,5,,0.3392,0.3441,0.0212,0.2738,0
1,10,al,0,entropy,10,,0.5951,0.5545,0.0112,0.4857,0
1,10,rand,0,entropy,10,,0.4016,0.3877,0.0146,0.3178,0
1,10,al,1,entropy,10,,0.5839,0.5437,0.0113,0.4742,0
1,10,rand,1,entropy,10,,0.4504,0.4341,0.0142,0.3655,0
1,10,al,2,entropy,10,,0.5856,0.5454,0.0114,0.4764,0
1,10,rand,2,entropy,10,,0.4039,0.3781,0.014,0.3153,0
1,10,al,3,entropy,10,,0.5976,0.5574,0.0109,0.4913,0
1,10,rand,3,entropy,10,,0.4199,0.4198,0.0173,0.3527,0
1,10,al,4,entropy,10,,0.5476,0.5156,0.0121,0.4494,0
1,10,rand,4,entropy,10,,0.4215,0.4217,0.0167,0.3543,0
2,3,al,0,entropy,3,,0.4771,0.4272,0.0121,0.3623,0
2,3,rand,0,entropy,3,,0.375,0.359,0.0185,0.2843,0
2,3,al,1,entropy,3,,0.4909,0.4384,0.0122,0.3729,0
2,3,rand,1,entropy,3,,0.5188,0.502,0.012,0.437,0
2,3,al,2,entropy,3,,0.4876,0.4319,0.0124,0.3687,0
2,3,rand,2,entropy,3,,0.506,0.4904,0.0126,0.4242,0
2,3,al,3,entropy,3,,0.4985,0.4473,0.0122,0.3803,0
2,3,rand,3,entropy,3,,0.508,0.4861,0.0127,0.418,0
2,3,al,4,entropy,3,,0.4764,0.4239,0.0124,0.3598,0
2,3,rand,4,entropy,3,,0.3961,0.3707,0.0149,0.3341,0
2,5,al,0,entropy,5,,0.3631,0.3114,0.0134,0.258,0
2,5,rand,0,entropy,5,,0.429,0.4203,0.0154,0.3534,0
2,5,al,1,entropy,5,,0.4026,0.351,0.0131,0.2999,0
2,5,rand,1,entropy,5,,0.5089,0.4802,0.0113,0.4157,0
2,5,al,2,entropy,5,,0.4317,0.3777,0.013,0.3268,0
2,5,rand,2,entropy,5,,0.5075,0.4903,0.0125,0.4235,0
2,5,al,3,entropy,5,,0.4093,0.3553,0.0132,0.3025,0
2,5,rand,3,entropy,5,,0.572,0.529,0.0111,0.4572,0
2,5,al,4,entropy,5,,0.4329,0.3799,0.0128,0.3247,0
2,5,rand,4,entropy,5,,0.4847,0.4499,0.0129,0.3985,0
2,10,al,0,entropy,10,,0.4973,0.4432,0.011,0.3752,0
2,10,rand,0,entropy,10,,0.4297,0.4186,0.0147,0.3527,0
2,10,al,1,entropy,10,,0.5227,0.4763,0.0113,0.4031,0
2,10,rand,1,entropy,10,,0.5335,0.4881,0.012,0.4145,0
2,10,al,2,entropy,10,,0.5051,0.4563,0.0121,0.3803,0
2,10,rand,2,entropy,10,,0.4981,0.4613,0.0129,0.3888,0
2,10,al,3,entropy,10,,0.525,0.4787,0.0114,0.4054,0
2,10,rand,3,entropy,10,,0.5032,0.4626,0.0131,0.4294,0
2,10,al,4,entropy,10,,0.5165,0.4774,0.0118,0.4041,0
2,10,rand,4,entropy,10,,0.4895,0.4554,0.013,0.3953,0
3,3,al,0,entropy,3,,0.49,0.4735,0.0134,0.4623,0
3,3,rand,0,entropy,3,,0.5658,0.5143,0.0114,0.4538,0
3,3,al,1,entropy,3,,0.4824,0.4678,0.0134,0.4579,0
3,3,rand,1,entropy,3,,0.6059,0.5481,0.0111,0.488,0
3,3,al,2,entropy,3,,0.4908,0.4752,0.0134,0.4647,0
3,3,rand,2,entropy,3,,0.4597,0.44,0.0152,0.3761,0
3,3,al,3,entropy,3,,0.3873,0.3638,0.0138,0.3429,0
3,3,rand,3,entropy,3,,0.6169,0.5636,0.0107,0.4964,0
3,3,al,4,entropy,3,,0.3553,0.3318,0.0139,0.3109,0
3,3,rand,4,entropy,3,,0.4805,0.4805,0.0136,0.4805,1
3,5,al,0,entropy,5,,0.2719,0.2275,0.015,0.1827,0
3,5,rand,0,entropy,5,,0.4805,0.4805,0.0136,0.4805,1
3,5,al,1,entropy,5,,0.3131,0.263,0.0137,0.2168,0
3,5,rand,1,entropy,5,,0.6204,0.5623,0.0114,0.5088,0
3,5,al,2,entropy,5,,0.4488,0.3943,0.0127,0.3518,0
3,5,rand,2,entropy,5,,0.6055,0.5524,0.0119,0.5081,0
3,5,al,3,entropy,5,,0.312,0.2598,0.0139,0.2101,0
3,5,rand,3,entropy,5,,0.6315,0.577,0.0105,0.5106,0
3,5,al,4,entropy,5,,0.2638,0.2204,0.0148,0.1759,0
3,5,rand,4,entropy,5,,0.4805,0.4805,0.0136,0.4805,1
3,10,al,0,entropy,10,,0.4865,0.4222,0.0122,0.3663,0
3,10,rand,0,entropy,10,,0.5405,0.504,0.012,0.4334,0
3,10,al,1,entropy,10,,0.4772,0.4118,0.0122,0.3552,0
3,10,rand,1,entropy,10,,0.4805,0.4805,0.0136,0.4805,1
3,10,al,2,entropy,10,,0.5042,0.4384,0.0119,0.3784,0
3,10,rand,2,entropy,10,,0.5919,0.5495,0.0109,0.4796,0
3,10,al,3,entropy,10,,0.4749,0.4093,0.0121,0.3487,0
3,10,rand,3,entropy,10,,0.6228,0.5699,0.0106,0.503,0
3,10,al,4,entropy,10,,0.4671,0.4038,0.0123,0.348,0
3,10,rand,4,entropy,10,,0.4604,0.4283,0.0143,0.373,0
1,177,full,0,entropy,177,,0.4735,0.4596,0.0137,0.3922,0
1,177,full,1,entropy,177,,0.4711,0.4573,0.0137,0.39,0
1,177,full,2,entropy,177,,0.4552,0.4407,0.014,0.3725,0
2,196,full,0,entropy,196,,0.6394,0.5834,0.0104,0.517,0
2,196,full,1,entropy,196,,0.6408,0.5831,0.0105,0.5178,0
2,196,full,2,entropy,196,,0.64,0.5826,0.0105,0.5171,0
3,189,full,0,entropy,189,,0.526,0.5005,0.0123,0.4322,0
3,189,full,1,entropy,189,,0.6332,0.5754,0.0107,0.5091,0
3,189,full,2,entropy,189,,0.6201,0.5644,0.0108,0.4966,0
