split,arm,decoder,paper_name,block,n_train,train_ids,fb,dice,mae,iou,fb_val
3,paper,labeled_marker,FLIM_lm,2,3,000007|000017|000941,0.7979,0.7422,0.0086,0.6705,0.7736
3,paper,decoder_2,FLIM_pb,2,3,000007|000017|000941,0.7915,0.7408,0.0089,0.6679,0.7623
3,paper,decoder_3,FLIM_mb,2,3,000007|000017|000941,0.8029,0.7538,0.0087,0.681,0.756
3,paper,decoder_attention,FLIM_at,2,3,000007|000017|000941,0.6879,0.6451,0.0107,0.574,0.6572
3,paper,vanilla_adaptive_decoder,FLIM_ts,3,3,000007|000017|000941,0.6655,0.6179,0.0122,0.5444,0.6765
3,paper,hybrid_decoder,FLIM_lt,3,3,000007|000017|000941,0.7134,0.6679,0.0104,0.5946,0.6613
3,paper,vanilla_adaptive_decoder_wt,FLIM_ts*,3,3,000007|000017|000941,0.6207,0.5802,0.0135,0.5069,0.5956
3,al,labeled_marker,FLIM_lm,2,3,000675|000204|000017,0.8002,0.7403,0.009,0.67,0.7495
3,al,decoder_2,FLIM_pb,2,3,000675|000204|000017,0.7974,0.7417,0.0088,0.6691,0.7591
3,al,decoder_3,FLIM_mb,2,3,000675|000204|000017,0.7981,0.746,0.0087,0.6747,0.7499
3,al,decoder_attention,FLIM_at,3,3,000675|000204|000017,0.764,0.7048,0.0097,0.6323,0.7214
3,al,vanilla_adaptive_decoder,FLIM_ts,3,3,000675|000204|000017,0.7639,0.703,0.0099,0.6308,0.7156
3,al,hybrid_decoder,FLIM_lt,3,3,000675|000204|000017,0.7615,0.7072,0.0093,0.6333,0.7364
3,al,vanilla_adaptive_decoder_wt,FLIM_ts*,3,3,000675|000204|000017,0.6963,0.6397,0.0109,0.5665,0.6661
