split,budget,al_dice,al_fb,al_mae,rand_dice,rand_fb,rand_mae,delta_fb
1,5,0.2038,0.2038,0.0663,0.2562,0.2562,0.3793,-0.0524
1,10,0.2748,0.2748,0.0376,0.2475,0.2475,0.2142,0.0273
1,20,0.3127,0.3127,0.0114,0.2441,0.2441,0.0391,0.0686
1,30,0.3203,0.3203,0.0122,0.2307,0.2307,0.02,0.0895
1,50,0.3734,0.3734,0.0642,0.2404,0.2404,0.025,0.133
1,100,0.3721,0.3721,0.0133,0.2721,0.2721,0.0315,0.1
1,610,0.3353,0.3353,0.0215,0.3462,0.3462,0.0518,-0.011
2,5,0.2755,0.2755,0.295,0.1716,0.1716,0.1206,0.1039
2,10,0.2189,0.2189,0.0347,0.1288,0.1288,0.0986,0.0902
2,20,0.3835,0.3835,0.0131,0.3613,0.3613,0.1508,0.0222
2,30,0.3985,0.3985,0.0127,0.3687,0.3687,0.0142,0.0298
2,50,0.4092,0.4092,0.0187,0.3693,0.3693,0.1877,0.0398
2,100,0.4131,0.4131,0.0126,0.3847,0.3847,0.0151,0.0284
2,610,0.381,0.381,0.0102,0.3693,0.3693,0.0108,0.0116
3,5,0.2653,0.2653,0.1987,0.2319,0.2319,0.2232,0.0334
3,10,0.2934,0.2934,0.0235,0.2181,0.2181,0.0523,0.0752
3,20,0.3663,0.3663,0.0142,0.3531,0.3531,0.0156,0.0131
3,30,0.3887,0.3887,0.023,0.2995,0.2995,0.0153,0.0893
3,50,0.3903,0.3903,0.0185,0.3258,0.3258,0.1043,0.0645
3,100,0.381,0.381,0.0149,0.3685,0.3685,0.0125,0.0125
3,610,0.3239,0.3239,0.0101,0.3573,0.3573,0.0263,-0.0334
