critério,K,decoder,n,Fβ médio,Δ vs artigo,IC95%,p,Δ vs sorteio,p 
medoide,1,FLIM_lm,1,0.623,—,—,—,—,—
medoide,1,FLIM_pb,1,0.535,—,—,—,—,—
medoide,1,FLIM_mb,1,0.219,—,—,—,—,—
medoide,1,FLIM_at,1,0.115,—,—,—,—,—
medoide,1,FLIM_ts,1,0.171,—,—,—,—,—
medoide,1,FLIM_lt,1,0.237,—,—,—,—,—
medoide,1,FLIM_ts*,1,0.269,—,—,—,—,—
medoide,2,FLIM_lm,1,0.644,—,—,—,—,—
medoide,2,FLIM_pb,1,0.530,—,—,—,—,—
medoide,2,FLIM_mb,1,0.171,—,—,—,—,—
medoide,2,FLIM_at,1,0.143,—,—,—,—,—
medoide,2,FLIM_ts,1,0.098,—,—,—,—,—
medoide,2,FLIM_lt,1,0.141,—,—,—,—,—
medoide,2,FLIM_ts*,1,0.290,—,—,—,—,—
medoide,3,FLIM_lm,1,0.676,—,—,—,—,—
medoide,3,FLIM_pb,1,0.623,—,—,—,—,—
medoide,3,FLIM_mb,1,0.289,—,—,—,—,—
medoide,3,FLIM_at,1,0.098,—,—,—,—,—
medoide,3,FLIM_ts,1,0.358,—,—,—,—,—
medoide,3,FLIM_lt,1,0.367,—,—,—,—,—
medoide,3,FLIM_ts*,1,0.293,—,—,—,—,—
medoide,4,FLIM_lm,1,0.655,—,—,—,—,—
medoide,4,FLIM_pb,1,0.522,—,—,—,—,—
medoide,4,FLIM_mb,1,0.238,—,—,—,—,—
medoide,4,FLIM_at,1,0.079,—,—,—,—,—
medoide,4,FLIM_ts,1,0.296,—,—,—,—,—
medoide,4,FLIM_lt,1,0.333,—,—,—,—,—
medoide,4,FLIM_ts*,1,0.294,—,—,—,—,—
medoide,5,FLIM_lm,1,0.670,—,—,—,—,—
medoide,5,FLIM_pb,1,0.490,—,—,—,—,—
medoide,5,FLIM_mb,1,0.323,—,—,—,—,—
medoide,5,FLIM_at,1,0.183,—,—,—,—,—
medoide,5,FLIM_ts,1,0.342,—,—,—,—,—
medoide,5,FLIM_lt,1,0.376,—,—,—,—,—
medoide,5,FLIM_ts*,1,0.307,—,—,—,—,—
medoide,8,FLIM_lm,1,0.669,—,—,—,—,—
medoide,8,FLIM_pb,1,0.582,—,—,—,—,—
medoide,8,FLIM_mb,1,0.375,—,—,—,—,—
medoide,8,FLIM_at,1,0.235,—,—,—,—,—
medoide,8,FLIM_ts,1,0.405,—,—,—,—,—
medoide,8,FLIM_lt,1,0.404,—,—,—,—,—
medoide,8,FLIM_ts*,1,0.309,—,—,—,—,—
coreset,1,FLIM_lm,1,0.661,—,—,—,—,—
coreset,1,FLIM_pb,1,0.641,—,—,—,—,—
coreset,1,FLIM_mb,1,0.341,—,—,—,—,—
coreset,1,FLIM_at,1,0.176,—,—,—,—,—
coreset,1,FLIM_ts,1,0.323,—,—,—,—,—
coreset,1,FLIM_lt,1,0.277,—,—,—,—,—
coreset,1,FLIM_ts*,1,0.334,—,—,—,—,—
coreset,2,FLIM_lm,1,0.657,—,—,—,—,—
coreset,2,FLIM_pb,1,0.491,—,—,—,—,—
coreset,2,FLIM_mb,1,0.217,—,—,—,—,—
coreset,2,FLIM_at,1,0.209,—,—,—,—,—
coreset,2,FLIM_ts,1,0.167,—,—,—,—,—
coreset,2,FLIM_lt,1,0.136,—,—,—,—,—
coreset,2,FLIM_ts*,1,0.293,—,—,—,—,—
coreset,3,FLIM_lm,1,0.323,—,—,—,—,—
coreset,3,FLIM_pb,1,0.594,—,—,—,—,—
coreset,3,FLIM_mb,1,0.199,—,—,—,—,—
coreset,3,FLIM_at,1,0.167,—,—,—,—,—
coreset,3,FLIM_ts,1,0.104,—,—,—,—,—
coreset,3,FLIM_lt,1,0.179,—,—,—,—,—
coreset,3,FLIM_ts*,1,0.240,—,—,—,—,—
coreset,4,FLIM_lm,1,0.604,—,—,—,—,—
coreset,4,FLIM_pb,1,0.561,—,—,—,—,—
coreset,4,FLIM_mb,1,0.329,—,—,—,—,—
coreset,4,FLIM_at,1,0.249,—,—,—,—,—
coreset,4,FLIM_ts,1,0.308,—,—,—,—,—
coreset,4,FLIM_lt,1,0.317,—,—,—,—,—
coreset,4,FLIM_ts*,1,0.326,—,—,—,—,—
coreset,5,FLIM_lm,1,0.460,—,—,—,—,—
coreset,5,FLIM_pb,1,0.683,—,—,—,—,—
coreset,5,FLIM_mb,1,0.462,—,—,—,—,—
coreset,5,FLIM_at,1,0.372,—,—,—,—,—
coreset,5,FLIM_ts,1,0.498,—,—,—,—,—
coreset,5,FLIM_lt,1,0.539,—,—,—,—,—
coreset,5,FLIM_ts*,1,0.385,—,—,—,—,—
coreset,8,FLIM_lm,1,0.682,—,—,—,—,—
coreset,8,FLIM_pb,1,0.617,—,—,—,—,—
coreset,8,FLIM_mb,1,0.379,—,—,—,—,—
coreset,8,FLIM_at,1,0.288,—,—,—,—,—
coreset,8,FLIM_ts,1,0.441,—,—,—,—,—
coreset,8,FLIM_lt,1,0.487,—,—,—,—,—
coreset,8,FLIM_ts*,1,0.300,—,—,—,—,—
entropy,1,FLIM_lm,1,0.069,—,—,—,—,—
entropy,1,FLIM_pb,1,0.419,—,—,—,—,—
entropy,1,FLIM_mb,1,0.098,—,—,—,—,—
entropy,1,FLIM_at,1,0.103,—,—,—,—,—
entropy,1,FLIM_ts,1,0.136,—,—,—,—,—
entropy,1,FLIM_lt,1,0.147,—,—,—,—,—
entropy,1,FLIM_ts*,1,0.197,—,—,—,—,—
entropy,2,FLIM_lm,1,0.532,—,—,—,—,—
entropy,2,FLIM_pb,1,0.630,—,—,—,—,—
entropy,2,FLIM_mb,1,0.351,—,—,—,—,—
entropy,2,FLIM_at,1,0.300,—,—,—,—,—
entropy,2,FLIM_ts,1,0.237,—,—,—,—,—
entropy,2,FLIM_lt,1,0.249,—,—,—,—,—
entropy,2,FLIM_ts*,1,0.321,—,—,—,—,—
entropy,3,FLIM_lm,1,0.292,—,—,—,—,—
entropy,3,FLIM_pb,1,0.563,—,—,—,—,—
entropy,3,FLIM_mb,1,0.589,—,—,—,—,—
entropy,3,FLIM_at,1,0.163,—,—,—,—,—
entropy,3,FLIM_ts,1,0.550,—,—,—,—,—
entropy,3,FLIM_lt,1,0.587,—,—,—,—,—
entropy,3,FLIM_ts*,1,0.403,—,—,—,—,—
entropy,4,FLIM_lm,1,0.586,—,—,—,—,—
entropy,4,FLIM_pb,1,0.651,—,—,—,—,—
entropy,4,FLIM_mb,1,0.407,—,—,—,—,—
entropy,4,FLIM_at,1,0.273,—,—,—,—,—
entropy,4,FLIM_ts,1,0.337,—,—,—,—,—
entropy,4,FLIM_lt,1,0.396,—,—,—,—,—
entropy,4,FLIM_ts*,1,0.382,—,—,—,—,—
entropy,5,FLIM_lm,1,0.397,—,—,—,—,—
entropy,5,FLIM_pb,1,0.714,—,—,—,—,—
entropy,5,FLIM_mb,1,0.400,—,—,—,—,—
entropy,5,FLIM_at,1,0.267,—,—,—,—,—
entropy,5,FLIM_ts,1,0.255,—,—,—,—,—
entropy,5,FLIM_lt,1,0.355,—,—,—,—,—
entropy,5,FLIM_ts*,1,0.390,—,—,—,—,—
entropy,8,FLIM_lm,1,0.611,—,—,—,—,—
entropy,8,FLIM_pb,1,0.465,—,—,—,—,—
entropy,8,FLIM_mb,1,0.284,—,—,—,—,—
entropy,8,FLIM_at,1,0.200,—,—,—,—,—
entropy,8,FLIM_ts,1,0.368,—,—,—,—,—
entropy,8,FLIM_lt,1,0.302,—,—,—,—,—
entropy,8,FLIM_ts*,1,0.260,—,—,—,—,—
least_confidence,1,FLIM_lm,1,0.069,—,—,—,—,—
least_confidence,1,FLIM_pb,1,0.419,—,—,—,—,—
least_confidence,1,FLIM_mb,1,0.098,—,—,—,—,—
least_confidence,1,FLIM_at,1,0.103,—,—,—,—,—
least_confidence,1,FLIM_ts,1,0.136,—,—,—,—,—
least_confidence,1,FLIM_lt,1,0.147,—,—,—,—,—
least_confidence,1,FLIM_ts*,1,0.197,—,—,—,—,—
least_confidence,2,FLIM_lm,1,0.532,—,—,—,—,—
least_confidence,2,FLIM_pb,1,0.630,—,—,—,—,—
least_confidence,2,FLIM_mb,1,0.351,—,—,—,—,—
least_confidence,2,FLIM_at,1,0.300,—,—,—,—,—
least_confidence,2,FLIM_ts,1,0.237,—,—,—,—,—
least_confidence,2,FLIM_lt,1,0.249,—,—,—,—,—
least_confidence,2,FLIM_ts*,1,0.321,—,—,—,—,—
least_confidence,3,FLIM_lm,1,0.292,—,—,—,—,—
least_confidence,3,FLIM_pb,1,0.563,—,—,—,—,—
least_confidence,3,FLIM_mb,1,0.589,—,—,—,—,—
least_confidence,3,FLIM_at,1,0.163,—,—,—,—,—
least_confidence,3,FLIM_ts,1,0.550,—,—,—,—,—
least_confidence,3,FLIM_lt,1,0.587,—,—,—,—,—
least_confidence,3,FLIM_ts*,1,0.403,—,—,—,—,—
least_confidence,4,FLIM_lm,1,0.648,—,—,—,—,—
least_confidence,4,FLIM_pb,1,0.639,—,—,—,—,—
least_confidence,4,FLIM_mb,1,0.237,—,—,—,—,—
least_confidence,4,FLIM_at,1,0.287,—,—,—,—,—
least_confidence,4,FLIM_ts,1,0.194,—,—,—,—,—
least_confidence,4,FLIM_lt,1,0.232,—,—,—,—,—
least_confidence,4,FLIM_ts*,1,0.315,—,—,—,—,—
least_confidence,5,FLIM_lm,1,0.529,—,—,—,—,—
least_confidence,5,FLIM_pb,1,0.675,—,—,—,—,—
least_confidence,5,FLIM_mb,1,0.300,—,—,—,—,—
least_confidence,5,FLIM_at,1,0.250,—,—,—,—,—
least_confidence,5,FLIM_ts,1,0.279,—,—,—,—,—
least_confidence,5,FLIM_lt,1,0.273,—,—,—,—,—
least_confidence,5,FLIM_ts*,1,0.290,—,—,—,—,—
least_confidence,8,FLIM_lm,1,0.626,—,—,—,—,—
least_confidence,8,FLIM_pb,1,0.495,—,—,—,—,—
least_confidence,8,FLIM_mb,1,0.277,—,—,—,—,—
least_confidence,8,FLIM_at,1,0.201,—,—,—,—,—
least_confidence,8,FLIM_ts,1,0.337,—,—,—,—,—
least_confidence,8,FLIM_lt,1,0.300,—,—,—,—,—
least_confidence,8,FLIM_ts*,1,0.251,—,—,—,—,—
