split,budget,method,acquisition,decoder,n_train_imgs,fb,dice,mae,iou
1,3,original_3imgs,none,labeled_marker,,0.7444,0.6839,0.0102,0.6074
1,3,original_3imgs,none,vanilla_adaptive_decoder,,0.6729,0.6206,0.0117,0.5418
1,3,original_3imgs,none,vanilla_adaptive_decoder_wt,,0.5072,0.4777,0.0187,0.3998
1,3,original_3imgs,none,decoder_2,,0.7305,0.6786,0.011,0.5984
1,3,original_3imgs,none,decoder_3,,0.7383,0.694,0.0108,0.6172
1,3,original_3imgs,none,decoder_attention,,0.5522,0.518,0.0162,0.4394
1,3,original_3imgs,none,hybrid_decoder,,0.6845,0.6378,0.0113,0.5599
1,3,al_region_bald,region_bald,labeled_marker,,0.6542,0.6065,0.0115,0.5566
1,3,al_region_bald,region_bald,vanilla_adaptive_decoder,,0.4792,0.4517,0.0172,0.3962
1,3,al_region_bald,region_bald,vanilla_adaptive_decoder_wt,,0.2938,0.2944,0.0305,0.2381
1,3,al_region_bald,region_bald,decoder_2,,0.653,0.6068,0.0114,0.5447
1,3,al_region_bald,region_bald,decoder_3,,0.6426,0.6107,0.0118,0.5546
1,3,al_region_bald,region_bald,decoder_attention,,0.3828,0.3709,0.0223,0.3154
1,3,al_region_bald,region_bald,hybrid_decoder,,0.5049,0.4731,0.0164,0.4147
1,3,random_seed0,random,labeled_marker,,0.6157,0.5774,0.0123,0.5359
1,3,random_seed0,random,vanilla_adaptive_decoder,,0.4684,0.4525,0.018,0.4089
1,3,random_seed0,random,vanilla_adaptive_decoder_wt,,0.2568,0.2589,0.0624,0.2096
1,3,random_seed0,random,decoder_2,,0.5085,0.5054,0.0215,0.4347
1,3,random_seed0,random,decoder_3,,0.4108,0.4251,0.0306,0.3635
1,3,random_seed0,random,decoder_attention,,0.2113,0.2258,0.0669,0.1758
1,3,random_seed0,random,hybrid_decoder,,0.4079,0.3982,0.0215,0.3489
1,3,random_seed1,random,labeled_marker,,0.4793,0.4793,0.0136,0.4793
1,3,random_seed1,random,vanilla_adaptive_decoder,,0.396,0.3939,0.0205,0.3675
1,3,random_seed1,random,vanilla_adaptive_decoder_wt,,0.1214,0.1385,0.0886,0.1002
1,3,random_seed1,random,decoder_2,,0.2687,0.281,0.0408,0.2127
1,3,random_seed1,random,decoder_3,,0.1256,0.1528,0.0789,0.104
1,3,random_seed1,random,decoder_attention,,0.0639,0.079,0.097,0.052
1,3,random_seed1,random,hybrid_decoder,,0.3911,0.4019,0.0258,0.3729
1,3,random_seed2,random,labeled_marker,,0.5498,0.5273,0.0127,0.5065
1,3,random_seed2,random,vanilla_adaptive_decoder,,0.4746,0.4598,0.0176,0.4175
1,3,random_seed2,random,vanilla_adaptive_decoder_wt,,0.1896,0.1975,0.0743,0.1538
1,3,random_seed2,random,decoder_2,,0.5764,0.5489,0.0171,0.475
1,3,random_seed2,random,decoder_3,,0.3753,0.3901,0.0337,0.3288
1,3,random_seed2,random,decoder_attention,,0.1797,0.1894,0.0751,0.1481
1,3,random_seed2,random,hybrid_decoder,,0.4276,0.4214,0.0212,0.3699
1,3,random,random,labeled_marker,,0.5483,0.528,0.0129,0.5073
1,3,random,random,vanilla_adaptive_decoder,,0.4463,0.4354,0.0187,0.398
1,3,random,random,vanilla_adaptive_decoder_wt,,0.1892,0.1983,0.0751,0.1545
1,3,random,random,decoder_2,,0.4512,0.4451,0.0265,0.3741
1,3,random,random,decoder_3,,0.3039,0.3227,0.0478,0.2654
1,3,random,random,decoder_attention,,0.1517,0.1647,0.0797,0.1253
1,3,random,random,hybrid_decoder,,0.4088,0.4072,0.0228,0.3639
1,5,al_region_bald,region_bald,labeled_marker,,0.6535,0.6092,0.0116,0.5616
1,5,al_region_bald,region_bald,vanilla_adaptive_decoder,,0.4353,0.4121,0.0186,0.3508
1,5,al_region_bald,region_bald,vanilla_adaptive_decoder_wt,,0.2371,0.2502,0.0401,0.1887
1,5,al_region_bald,region_bald,decoder_2,,0.6354,0.5991,0.0123,0.534
1,5,al_region_bald,region_bald,decoder_3,,0.6328,0.6072,0.0126,0.547
1,5,al_region_bald,region_bald,decoder_attention,,0.2443,0.255,0.0391,0.195
1,5,al_region_bald,region_bald,hybrid_decoder,,0.4799,0.4502,0.0172,0.3843
1,5,random_seed0,random,labeled_marker,,0.6225,0.582,0.0122,0.5379
1,5,random_seed0,random,vanilla_adaptive_decoder,,0.5153,0.4909,0.0166,0.4451
1,5,random_seed0,random,vanilla_adaptive_decoder_wt,,0.3226,0.3175,0.0537,0.2651
1,5,random_seed0,random,decoder_2,,0.5651,0.5494,0.0183,0.4796
1,5,random_seed0,random,decoder_3,,0.4694,0.4771,0.0265,0.4152
1,5,random_seed0,random,decoder_attention,,0.3098,0.3065,0.0522,0.253
1,5,random_seed0,random,hybrid_decoder,,0.424,0.4108,0.0206,0.3596
1,5,random_seed1,random,labeled_marker,,0.4773,0.4769,0.0136,0.4765
1,5,random_seed1,random,vanilla_adaptive_decoder,,0.4171,0.4105,0.0223,0.3651
1,5,random_seed1,random,vanilla_adaptive_decoder_wt,,0.1838,0.1932,0.0761,0.1463
1,5,random_seed1,random,decoder_2,,0.402,0.4052,0.0262,0.3295
1,5,random_seed1,random,decoder_3,,0.2372,0.2676,0.0529,0.2016
1,5,random_seed1,random,decoder_attention,,0.1472,0.1596,0.0823,0.1194
1,5,random_seed1,random,hybrid_decoder,,0.3751,0.3817,0.03,0.3297
1,5,random_seed2,random,labeled_marker,,0.5691,0.5418,0.0125,0.5163
1,5,random_seed2,random,vanilla_adaptive_decoder,,0.4447,0.4356,0.0206,0.3943
1,5,random_seed2,random,vanilla_adaptive_decoder_wt,,0.2132,0.2218,0.071,0.1688
1,5,random_seed2,random,decoder_2,,0.5264,0.5053,0.0199,0.4308
1,5,random_seed2,random,decoder_3,,0.3099,0.3295,0.0429,0.2688
1,5,random_seed2,random,decoder_attention,,0.2238,0.2297,0.0689,0.1788
1,5,random_seed2,random,hybrid_decoder,,0.4048,0.4074,0.0244,0.3596
1,5,random,random,labeled_marker,,0.5563,0.5336,0.0128,0.5102
1,5,random,random,vanilla_adaptive_decoder,,0.459,0.4457,0.0198,0.4015
1,5,random,random,vanilla_adaptive_decoder_wt,,0.2399,0.2442,0.0669,0.1934
1,5,random,random,decoder_2,,0.4978,0.4866,0.0215,0.4133
1,5,random,random,decoder_3,,0.3389,0.3581,0.0408,0.2952
1,5,random,random,decoder_attention,,0.2269,0.2319,0.0678,0.1837
1,5,random,random,hybrid_decoder,,0.4013,0.4,0.025,0.3496
1,10,al_region_bald,region_bald,labeled_marker,,0.546,0.511,0.0139,0.469
1,10,al_region_bald,region_bald,vanilla_adaptive_decoder,,0.404,0.3877,0.0209,0.3208
1,10,al_region_bald,region_bald,vanilla_adaptive_decoder_wt,,0.2601,0.2726,0.0401,0.2064
1,10,al_region_bald,region_bald,decoder_2,,0.4081,0.3906,0.0213,0.3403
1,10,al_region_bald,region_bald,decoder_3,,0.4009,0.3971,0.0236,0.3468
1,10,al_region_bald,region_bald,decoder_attention,,0.2366,0.2514,0.0443,0.188
1,10,al_region_bald,region_bald,hybrid_decoder,,0.4622,0.4369,0.0183,0.3701
1,10,random_seed0,random,labeled_marker,,0.6076,0.5707,0.0124,0.5303
1,10,random_seed0,random,vanilla_adaptive_decoder,,0.4332,0.4205,0.023,0.3725
1,10,random_seed0,random,vanilla_adaptive_decoder_wt,,0.1906,0.207,0.0709,0.1491
1,10,random_seed0,random,decoder_2,,0.461,0.4479,0.027,0.3809
1,10,random_seed0,random,decoder_3,,0.2838,0.3021,0.0492,0.2474
1,10,random_seed0,random,decoder_attention,,0.1972,0.2082,0.073,0.1565
1,10,random_seed0,random,hybrid_decoder,,0.4197,0.4134,0.0223,0.3633
1,10,random_seed1,random,labeled_marker,,0.6029,0.5689,0.012,0.5347
1,10,random_seed1,random,vanilla_adaptive_decoder,,0.4309,0.4232,0.0215,0.3801
1,10,random_seed1,random,vanilla_adaptive_decoder_wt,,0.2398,0.2447,0.0652,0.1897
1,10,random_seed1,random,decoder_2,,0.4365,0.4378,0.0251,0.3637
1,10,random_seed1,random,decoder_3,,0.2749,0.2993,0.0478,0.2383
1,10,random_seed1,random,decoder_attention,,0.2237,0.23,0.0713,0.1806
1,10,random_seed1,random,hybrid_decoder,,0.4088,0.4087,0.026,0.3535
1,10,random_seed2,random,labeled_marker,,0.5065,0.4959,0.0133,0.4866
1,10,random_seed2,random,vanilla_adaptive_decoder,,0.4338,0.4283,0.0183,0.4064
1,10,random_seed2,random,vanilla_adaptive_decoder_wt,,0.1842,0.1878,0.0705,0.1493
1,10,random_seed2,random,decoder_2,,0.3771,0.3805,0.0339,0.3116
1,10,random_seed2,random,decoder_3,,0.1952,0.2211,0.0629,0.1684
1,10,random_seed2,random,decoder_attention,,0.1541,0.1476,0.0718,0.1244
1,10,random_seed2,random,hybrid_decoder,,0.481,0.4759,0.019,0.4441
1,10,random,random,labeled_marker,,0.5724,0.5452,0.0126,0.5172
1,10,random,random,vanilla_adaptive_decoder,,0.4326,0.424,0.021,0.3863
1,10,random,random,vanilla_adaptive_decoder_wt,,0.2049,0.2132,0.0689,0.1627
1,10,random,random,decoder_2,,0.4248,0.422,0.0286,0.3521
1,10,random,random,decoder_3,,0.2513,0.2742,0.0533,0.218
1,10,random,random,decoder_attention,,0.1917,0.1952,0.0721,0.1538
1,10,random,random,hybrid_decoder,,0.4365,0.4326,0.0224,0.387
2,3,original_3imgs,none,labeled_marker,,0.7308,0.6681,0.0101,0.5975
2,3,original_3imgs,none,vanilla_adaptive_decoder,,0.5746,0.5391,0.0145,0.4643
2,3,original_3imgs,none,vanilla_adaptive_decoder_wt,,0.4926,0.4713,0.019,0.398
2,3,original_3imgs,none,decoder_2,,0.7086,0.651,0.011,0.5747
2,3,original_3imgs,none,decoder_3,,0.7046,0.6618,0.0113,0.5889
2,3,original_3imgs,none,decoder_attention,,0.4719,0.4537,0.0205,0.3802
2,3,original_3imgs,none,hybrid_decoder,,0.699,0.6479,0.0108,0.5729
2,3,al_region_bald,region_bald,labeled_marker,,0.5055,0.4955,0.0133,0.4869
2,3,al_region_bald,region_bald,vanilla_adaptive_decoder,,0.5171,0.4835,0.0155,0.4313
2,3,al_region_bald,region_bald,vanilla_adaptive_decoder_wt,,0.3406,0.3365,0.0311,0.2654
2,3,al_region_bald,region_bald,decoder_2,,0.6956,0.6342,0.0114,0.5624
2,3,al_region_bald,region_bald,decoder_3,,0.6523,0.6029,0.0135,0.5275
2,3,al_region_bald,region_bald,decoder_attention,,0.3548,0.3368,0.0247,0.2857
2,3,al_region_bald,region_bald,hybrid_decoder,,0.5202,0.4876,0.0174,0.4167
2,3,random_seed0,random,labeled_marker,,0.4801,0.4798,0.0136,0.4797
2,3,random_seed0,random,vanilla_adaptive_decoder,,0.4307,0.4162,0.0223,0.3525
2,3,random_seed0,random,vanilla_adaptive_decoder_wt,,0.1579,0.1847,0.0725,0.1267
2,3,random_seed0,random,decoder_2,,0.4844,0.4712,0.0203,0.3962
2,3,random_seed0,random,decoder_3,,0.3621,0.3778,0.0345,0.3092
2,3,random_seed0,random,decoder_attention,,0.1928,0.2184,0.0623,0.1557
2,3,random_seed0,random,hybrid_decoder,,0.361,0.3576,0.0306,0.2932
2,3,random_seed1,random,labeled_marker,,0.5248,0.5108,0.013,0.498
2,3,random_seed1,random,vanilla_adaptive_decoder,,0.383,0.3726,0.0228,0.3201
2,3,random_seed1,random,vanilla_adaptive_decoder_wt,,0.1083,0.1335,0.0861,0.0854
2,3,random_seed1,random,decoder_2,,0.4852,0.4692,0.0217,0.3923
2,3,random_seed1,random,decoder_3,,0.3216,0.3395,0.0404,0.2754
2,3,random_seed1,random,decoder_attention,,0.0867,0.108,0.0945,0.0678
2,3,random_seed1,random,hybrid_decoder,,0.3322,0.3375,0.0298,0.2806
2,3,random_seed2,random,labeled_marker,,0.5029,0.4943,0.0133,0.487
2,3,random_seed2,random,vanilla_adaptive_decoder,,0.3686,0.3704,0.0242,0.3254
2,3,random_seed2,random,vanilla_adaptive_decoder_wt,,0.1203,0.1428,0.087,0.0954
2,3,random_seed2,random,decoder_2,,0.4328,0.43,0.0239,0.3574
2,3,random_seed2,random,decoder_3,,0.2608,0.2889,0.0487,0.2223
2,3,random_seed2,random,decoder_attention,,0.0956,0.1154,0.0955,0.0767
2,3,random_seed2,random,hybrid_decoder,,0.3477,0.3657,0.0315,0.3144
2,3,random,random,labeled_marker,,0.5026,0.495,0.0133,0.4882
2,3,random,random,vanilla_adaptive_decoder,,0.3941,0.3864,0.0231,0.3327
2,3,random,random,vanilla_adaptive_decoder_wt,,0.1288,0.1536,0.0819,0.1025
2,3,random,random,decoder_2,,0.4675,0.4568,0.0219,0.3819
2,3,random,random,decoder_3,,0.3149,0.3354,0.0412,0.269
2,3,random,random,decoder_attention,,0.125,0.1473,0.0841,0.1001
2,3,random,random,hybrid_decoder,,0.347,0.3536,0.0306,0.2961
2,5,al_region_bald,region_bald,labeled_marker,,0.4805,0.4805,0.0135,0.4805
2,5,al_region_bald,region_bald,vanilla_adaptive_decoder,,0.4306,0.4053,0.0185,0.3529
2,5,al_region_bald,region_bald,vanilla_adaptive_decoder_wt,,0.263,0.2709,0.0376,0.2032
2,5,al_region_bald,region_bald,decoder_2,,0.612,0.5556,0.0138,0.4905
2,5,al_region_bald,region_bald,decoder_3,,0.534,0.4922,0.0201,0.4196
2,5,al_region_bald,region_bald,decoder_attention,,0.2957,0.2849,0.0274,0.2353
2,5,al_region_bald,region_bald,hybrid_decoder,,0.4638,0.4346,0.0193,0.3688
2,5,random_seed0,random,labeled_marker,,0.4873,0.4821,0.0136,0.4778
2,5,random_seed0,random,vanilla_adaptive_decoder,,0.4614,0.4433,0.0196,0.3848
2,5,random_seed0,random,vanilla_adaptive_decoder_wt,,0.1952,0.2204,0.0661,0.1585
2,5,random_seed0,random,decoder_2,,0.5002,0.4865,0.0198,0.4118
2,5,random_seed0,random,decoder_3,,0.3486,0.3657,0.0367,0.2976
2,5,random_seed0,random,decoder_attention,,0.2513,0.2659,0.054,0.2048
2,5,random_seed0,random,hybrid_decoder,,0.3663,0.3651,0.0289,0.3049
2,5,random_seed1,random,labeled_marker,,0.5259,0.5123,0.0131,0.4999
2,5,random_seed1,random,vanilla_adaptive_decoder,,0.4173,0.4034,0.0211,0.3531
2,5,random_seed1,random,vanilla_adaptive_decoder_wt,,0.1409,0.1652,0.0793,0.1139
2,5,random_seed1,random,decoder_2,,0.5178,0.4998,0.0202,0.4259
2,5,random_seed1,random,decoder_3,,0.3421,0.3565,0.0396,0.2958
2,5,random_seed1,random,decoder_attention,,0.1182,0.1384,0.0851,0.0956
2,5,random_seed1,random,hybrid_decoder,,0.3484,0.3482,0.0281,0.294
2,5,random_seed2,random,labeled_marker,,0.4805,0.4805,0.0135,0.4805
2,5,random_seed2,random,vanilla_adaptive_decoder,,0.3869,0.3888,0.0207,0.3639
2,5,random_seed2,random,vanilla_adaptive_decoder_wt,,0.0993,0.1209,0.0934,0.08
2,5,random_seed2,random,decoder_2,,0.3867,0.3883,0.0286,0.316
2,5,random_seed2,random,decoder_3,,0.1632,0.1935,0.0712,0.1367
2,5,random_seed2,random,decoder_attention,,0.0964,0.1115,0.0932,0.0786
2,5,random_seed2,random,hybrid_decoder,,0.369,0.3812,0.0261,0.3541
2,5,random,random,labeled_marker,,0.4979,0.4916,0.0134,0.486
2,5,random,random,vanilla_adaptive_decoder,,0.4218,0.4118,0.0205,0.3673
2,5,random,random,vanilla_adaptive_decoder_wt,,0.1451,0.1688,0.0796,0.1175
2,5,random,random,decoder_2,,0.4682,0.4582,0.0229,0.3846
2,5,random,random,decoder_3,,0.2846,0.3053,0.0492,0.2433
2,5,random,random,decoder_attention,,0.1553,0.1719,0.0774,0.1263
2,5,random,random,hybrid_decoder,,0.3612,0.3648,0.0277,0.3177
2,10,al_region_bald,region_bald,labeled_marker,,0.4805,0.4805,0.0136,0.4805
2,10,al_region_bald,region_bald,vanilla_adaptive_decoder,,0.382,0.3617,0.0211,0.3083
2,10,al_region_bald,region_bald,vanilla_adaptive_decoder_wt,,0.2522,0.2579,0.037,0.1971
2,10,al_region_bald,region_bald,decoder_2,,0.5052,0.4749,0.0187,0.4067
2,10,al_region_bald,region_bald,decoder_3,,0.388,0.3787,0.0296,0.3139
2,10,al_region_bald,region_bald,decoder_attention,,0.2229,0.2295,0.0382,0.1793
2,10,al_region_bald,region_bald,hybrid_decoder,,0.3869,0.3628,0.0208,0.3115
2,10,random_seed0,random,labeled_marker,,0.4805,0.4805,0.0135,0.4805
2,10,random_seed0,random,vanilla_adaptive_decoder,,0.4382,0.426,0.0204,0.3863
2,10,random_seed0,random,vanilla_adaptive_decoder_wt,,0.1636,0.1835,0.0754,0.13
2,10,random_seed0,random,decoder_2,,0.4878,0.4537,0.0183,0.382
2,10,random_seed0,random,decoder_3,,0.239,0.2642,0.0548,0.2034
2,10,random_seed0,random,decoder_attention,,0.1936,0.2027,0.073,0.1536
2,10,random_seed0,random,hybrid_decoder,,0.3789,0.3853,0.0305,0.3375
2,10,random_seed1,random,labeled_marker,,0.5175,0.5046,0.0132,0.4931
2,10,random_seed1,random,vanilla_adaptive_decoder,,0.4374,0.4274,0.0219,0.379
2,10,random_seed1,random,vanilla_adaptive_decoder_wt,,0.2138,0.2231,0.0692,0.17
2,10,random_seed1,random,decoder_2,,0.5283,0.5111,0.0188,0.4367
2,10,random_seed1,random,decoder_3,,0.3566,0.3723,0.0361,0.3097
2,10,random_seed1,random,decoder_attention,,0.2138,0.2223,0.0691,0.1725
2,10,random_seed1,random,hybrid_decoder,,0.3633,0.3713,0.0325,0.311
2,10,random_seed2,random,labeled_marker,,0.4805,0.4805,0.0135,0.4805
2,10,random_seed2,random,vanilla_adaptive_decoder,,0.4174,0.4155,0.0179,0.4045
2,10,random_seed2,random,vanilla_adaptive_decoder_wt,,0.1105,0.1233,0.0863,0.0943
2,10,random_seed2,random,decoder_2,,0.237,0.2452,0.0414,0.1854
2,10,random_seed2,random,decoder_3,,0.1421,0.1723,0.0764,0.1197
2,10,random_seed2,random,decoder_attention,,0.0745,0.0819,0.0838,0.0634
2,10,random_seed2,random,hybrid_decoder,,0.4794,0.476,0.0176,0.4592
2,10,random,random,labeled_marker,,0.4928,0.4885,0.0134,0.4847
2,10,random,random,vanilla_adaptive_decoder,,0.431,0.423,0.0201,0.39
2,10,random,random,vanilla_adaptive_decoder_wt,,0.1626,0.1767,0.077,0.1314
2,10,random,random,decoder_2,,0.4177,0.4033,0.0262,0.3347
2,10,random,random,decoder_3,,0.2459,0.2696,0.0558,0.2109
2,10,random,random,decoder_attention,,0.1606,0.169,0.0753,0.1298
2,10,random,random,hybrid_decoder,,0.4072,0.4108,0.0269,0.3692
3,3,original_3imgs,none,labeled_marker,,0.7567,0.6944,0.0097,0.6173
3,3,original_3imgs,none,vanilla_adaptive_decoder,,0.6585,0.6096,0.012,0.5323
3,3,original_3imgs,none,vanilla_adaptive_decoder_wt,,0.5925,0.5542,0.0144,0.4774
3,3,original_3imgs,none,decoder_2,,0.7453,0.6891,0.0103,0.6095
3,3,original_3imgs,none,decoder_3,,0.7514,0.7025,0.0102,0.6259
3,3,original_3imgs,none,decoder_attention,,0.6601,0.6121,0.0121,0.5351
3,3,original_3imgs,none,hybrid_decoder,,0.6759,0.6284,0.0116,0.5516
3,3,al_region_bald,region_bald,labeled_marker,,0.6003,0.5678,0.0123,0.534
3,3,al_region_bald,region_bald,vanilla_adaptive_decoder,,0.5413,0.5059,0.0163,0.4308
3,3,al_region_bald,region_bald,vanilla_adaptive_decoder_wt,,0.5282,0.4965,0.0177,0.4207
3,3,al_region_bald,region_bald,decoder_2,,0.6844,0.6331,0.0112,0.5731
3,3,al_region_bald,region_bald,decoder_3,,0.6783,0.6338,0.0115,0.5795
3,3,al_region_bald,region_bald,decoder_attention,,0.5387,0.5039,0.0166,0.4285
3,3,al_region_bald,region_bald,hybrid_decoder,,0.5795,0.5458,0.0154,0.4685
3,3,random_seed0,random,labeled_marker,,0.4822,0.4813,0.0135,0.4806
3,3,random_seed0,random,vanilla_adaptive_decoder,,0.3765,0.37,0.0233,0.3357
3,3,random_seed0,random,vanilla_adaptive_decoder_wt,,0.1117,0.1326,0.0844,0.0912
3,3,random_seed0,random,decoder_2,,0.3412,0.3509,0.0357,0.2791
3,3,random_seed0,random,decoder_3,,0.1772,0.2019,0.065,0.1536
3,3,random_seed0,random,decoder_attention,,0.0729,0.0898,0.0976,0.0593
3,3,random_seed0,random,hybrid_decoder,,0.3772,0.3819,0.0253,0.3423
3,3,random_seed1,random,labeled_marker,,0.4793,0.4793,0.0136,0.4793
3,3,random_seed1,random,vanilla_adaptive_decoder,,0.3806,0.3785,0.0208,0.3461
3,3,random_seed1,random,vanilla_adaptive_decoder_wt,,0.1094,0.1319,0.0878,0.0871
3,3,random_seed1,random,decoder_2,,0.3028,0.3161,0.0363,0.2443
3,3,random_seed1,random,decoder_3,,0.1603,0.1901,0.0702,0.1338
3,3,random_seed1,random,decoder_attention,,0.1238,0.1414,0.0846,0.0992
3,3,random_seed1,random,hybrid_decoder,,0.3368,0.3519,0.0299,0.3169
3,3,random_seed2,random,labeled_marker,,0.597,0.5662,0.012,0.5362
3,3,random_seed2,random,vanilla_adaptive_decoder,,0.3171,0.3129,0.0271,0.2542
3,3,random_seed2,random,vanilla_adaptive_decoder_wt,,0.1292,0.1566,0.0732,0.1012
3,3,random_seed2,random,decoder_2,,0.4574,0.4385,0.0202,0.3693
3,3,random_seed2,random,decoder_3,,0.3477,0.3614,0.0312,0.2941
3,3,random_seed2,random,decoder_attention,,0.164,0.1878,0.057,0.1276
3,3,random_seed2,random,hybrid_decoder,,0.2689,0.2807,0.0329,0.2132
3,3,random,random,labeled_marker,,0.5195,0.5089,0.013,0.4987
3,3,random,random,vanilla_adaptive_decoder,,0.3581,0.3538,0.0237,0.312
3,3,random,random,vanilla_adaptive_decoder_wt,,0.1168,0.1404,0.0818,0.0932
3,3,random,random,decoder_2,,0.3671,0.3685,0.0308,0.2976
3,3,random,random,decoder_3,,0.2284,0.2511,0.0555,0.1938
3,3,random,random,decoder_attention,,0.1202,0.1397,0.0797,0.0954
3,3,random,random,hybrid_decoder,,0.3276,0.3382,0.0294,0.2908
3,5,al_region_bald,region_bald,labeled_marker,,0.6003,0.5678,0.0123,0.534
3,5,al_region_bald,region_bald,vanilla_adaptive_decoder,,0.5413,0.5059,0.0163,0.4308
3,5,al_region_bald,region_bald,vanilla_adaptive_decoder_wt,,0.5282,0.4965,0.0177,0.4207
3,5,al_region_bald,region_bald,decoder_2,,0.6844,0.6331,0.0112,0.5731
3,5,al_region_bald,region_bald,decoder_3,,0.6783,0.6338,0.0115,0.5795
3,5,al_region_bald,region_bald,decoder_attention,,0.5387,0.5039,0.0166,0.4285
3,5,al_region_bald,region_bald,hybrid_decoder,,0.5795,0.5458,0.0154,0.4685
3,5,random_seed0,random,labeled_marker,,0.4805,0.4805,0.0136,0.4805
3,5,random_seed0,random,vanilla_adaptive_decoder,,0.3703,0.3668,0.0216,0.3477
3,5,random_seed0,random,vanilla_adaptive_decoder_wt,,0.1028,0.1242,0.0801,0.0822
3,5,random_seed0,random,decoder_2,,0.496,0.4733,0.0215,0.3968
3,5,random_seed0,random,decoder_3,,0.1935,0.215,0.0634,0.1685
3,5,random_seed0,random,decoder_attention,,0.1013,0.1161,0.0831,0.0838
3,5,random_seed0,random,hybrid_decoder,,0.3952,0.395,0.0249,0.3632
3,5,random_seed1,random,labeled_marker,,0.4964,0.4903,0.0134,0.485
3,5,random_seed1,random,vanilla_adaptive_decoder,,0.397,0.3946,0.0238,0.3429
3,5,random_seed1,random,vanilla_adaptive_decoder_wt,,0.1164,0.1403,0.0853,0.0925
3,5,random_seed1,random,decoder_2,,0.558,0.5184,0.0148,0.4493
3,5,random_seed1,random,decoder_3,,0.2852,0.31,0.0438,0.2422
3,5,random_seed1,random,decoder_attention,,0.2025,0.213,0.0625,0.1597
3,5,random_seed1,random,hybrid_decoder,,0.3408,0.3595,0.0318,0.2955
3,5,random_seed2,random,labeled_marker,,0.4815,0.4809,0.0136,0.4803
3,5,random_seed2,random,vanilla_adaptive_decoder,,0.332,0.3388,0.0306,0.2707
3,5,random_seed2,random,vanilla_adaptive_decoder_wt,,0.1205,0.1467,0.0795,0.0952
3,5,random_seed2,random,decoder_2,,0.5767,0.5334,0.0151,0.4594
3,5,random_seed2,random,decoder_3,,0.5037,0.5042,0.0193,0.4339
3,5,random_seed2,random,decoder_attention,,0.1943,0.2155,0.0571,0.1542
3,5,random_seed2,random,hybrid_decoder,,0.3088,0.331,0.0367,0.2548
3,5,random,random,labeled_marker,,0.4861,0.4839,0.0135,0.4819
3,5,random,random,vanilla_adaptive_decoder,,0.3664,0.3667,0.0253,0.3204
3,5,random,random,vanilla_adaptive_decoder_wt,,0.1132,0.1371,0.0816,0.09
3,5,random,random,decoder_2,,0.5436,0.5084,0.0171,0.4352
3,5,random,random,decoder_3,,0.3274,0.3431,0.0422,0.2815
3,5,random,random,decoder_attention,,0.166,0.1815,0.0675,0.1326
3,5,random,random,hybrid_decoder,,0.3482,0.3618,0.0311,0.3045
3,10,al_region_bald,region_bald,labeled_marker,,0.6579,0.6059,0.0113,0.5562
3,10,al_region_bald,region_bald,vanilla_adaptive_decoder,,0.4661,0.4372,0.0179,0.3743
3,10,al_region_bald,region_bald,vanilla_adaptive_decoder_wt,,0.3406,0.3371,0.0285,0.2701
3,10,al_region_bald,region_bald,decoder_2,,0.7251,0.6666,0.0105,0.5939
3,10,al_region_bald,region_bald,decoder_3,,0.7344,0.6779,0.0104,0.6023
3,10,al_region_bald,region_bald,decoder_attention,,0.3321,0.3269,0.0278,0.2662
3,10,al_region_bald,region_bald,hybrid_decoder,,0.5512,0.5151,0.0161,0.4382
3,10,random_seed0,random,labeled_marker,,0.4805,0.4805,0.0136,0.4805
3,10,random_seed0,random,vanilla_adaptive_decoder,,0.3715,0.3684,0.0217,0.3424
3,10,random_seed0,random,vanilla_adaptive_decoder_wt,,0.1398,0.1569,0.078,0.11
3,10,random_seed0,random,decoder_2,,0.3288,0.3179,0.0195,0.3025
3,10,random_seed0,random,decoder_3,,0.2018,0.2315,0.0617,0.174
3,10,random_seed0,random,decoder_attention,,0.1489,0.1546,0.0744,0.12
3,10,random_seed0,random,hybrid_decoder,,0.3693,0.377,0.0294,0.3341
3,10,random_seed1,random,labeled_marker,,0.4805,0.4805,0.0136,0.4805
3,10,random_seed1,random,vanilla_adaptive_decoder,,0.3856,0.3824,0.0216,0.3526
3,10,random_seed1,random,vanilla_adaptive_decoder_wt,,0.1503,0.1713,0.0743,0.1187
3,10,random_seed1,random,decoder_2,,0.3216,0.3115,0.0209,0.2923
3,10,random_seed1,random,decoder_3,,0.1854,0.2158,0.0644,0.155
3,10,random_seed1,random,decoder_attention,,0.1728,0.172,0.0639,0.1355
3,10,random_seed1,random,hybrid_decoder,,0.3857,0.4003,0.0288,0.36
3,10,random_seed2,random,labeled_marker,,0.4805,0.4805,0.0136,0.4805
3,10,random_seed2,random,vanilla_adaptive_decoder,,0.3594,0.3573,0.023,0.3216
3,10,random_seed2,random,vanilla_adaptive_decoder_wt,,0.1451,0.1662,0.0743,0.1151
3,10,random_seed2,random,decoder_2,,0.3341,0.3223,0.0215,0.2898
3,10,random_seed2,random,decoder_3,,0.1982,0.2283,0.0594,0.1648
3,10,random_seed2,random,decoder_attention,,0.1669,0.1773,0.0719,0.1302
3,10,random_seed2,random,hybrid_decoder,,0.3043,0.3251,0.0348,0.2757
3,10,random,random,labeled_marker,,0.4805,0.4805,0.0136,0.4805
3,10,random,random,vanilla_adaptive_decoder,,0.3722,0.3694,0.0221,0.3389
3,10,random,random,vanilla_adaptive_decoder_wt,,0.1451,0.1648,0.0755,0.1146
3,10,random,random,decoder_2,,0.3282,0.3172,0.0206,0.2949
3,10,random,random,decoder_3,,0.1951,0.2252,0.0618,0.1646
3,10,random,random,decoder_attention,,0.1629,0.168,0.07,0.1285
3,10,random,random,hybrid_decoder,,0.3531,0.3675,0.031,0.3232
1,3,random_region_seed0,random_region,labeled_marker,6,0.585,0.5477,0.0163,0.4833
1,3,random_region_seed0,random_region,vanilla_adaptive_decoder,6,0.4782,0.4572,0.0183,0.3945
1,3,random_region_seed0,random_region,vanilla_adaptive_decoder_wt,6,0.2282,0.2507,0.0536,0.1854
1,3,random_region_seed0,random_region,decoder_2,6,0.4883,0.4891,0.0236,0.4191
1,3,random_region_seed0,random_region,decoder_3,6,0.4476,0.4588,0.0277,0.3912
1,3,random_region_seed0,random_region,decoder_attention,6,0.2219,0.2486,0.0552,0.1815
1,3,random_region_seed0,random_region,hybrid_decoder,6,0.4081,0.3956,0.0221,0.3331
1,3,random_region_seed1,random_region,labeled_marker,4,0.6979,0.6393,0.011,0.5743
1,3,random_region_seed1,random_region,vanilla_adaptive_decoder,4,0.5765,0.5365,0.0142,0.4633
1,3,random_region_seed1,random_region,vanilla_adaptive_decoder_wt,4,0.3156,0.3239,0.0334,0.2529
1,3,random_region_seed1,random_region,decoder_2,4,0.6283,0.5891,0.0135,0.5146
1,3,random_region_seed1,random_region,decoder_3,4,0.635,0.6058,0.0133,0.5339
1,3,random_region_seed1,random_region,decoder_attention,4,0.3428,0.3453,0.0294,0.2742
1,3,random_region_seed1,random_region,hybrid_decoder,4,0.4768,0.4438,0.0176,0.3691
1,3,random_region_seed2,random_region,labeled_marker,4,0.6177,0.5826,0.012,0.5449
1,3,random_region_seed2,random_region,vanilla_adaptive_decoder,4,0.6391,0.5859,0.0122,0.5102
1,3,random_region_seed2,random_region,vanilla_adaptive_decoder_wt,4,0.4092,0.3931,0.0232,0.3202
1,3,random_region_seed2,random_region,decoder_2,4,0.6398,0.5999,0.0119,0.5539
1,3,random_region_seed2,random_region,decoder_3,4,0.6427,0.6076,0.0118,0.5634
1,3,random_region_seed2,random_region,decoder_attention,4,0.4841,0.4555,0.0179,0.3806
1,3,random_region_seed2,random_region,hybrid_decoder,4,0.6762,0.6168,0.011,0.5399
1,3,random_region,random_region,labeled_marker,,0.6335,0.5899,0.0131,0.5341
1,3,random_region,random_region,vanilla_adaptive_decoder,,0.5646,0.5265,0.0149,0.456
1,3,random_region,random_region,vanilla_adaptive_decoder_wt,,0.3177,0.3225,0.0367,0.2528
1,3,random_region,random_region,decoder_2,,0.5855,0.5594,0.0163,0.4959
1,3,random_region,random_region,decoder_3,,0.5751,0.5574,0.0176,0.4961
1,3,random_region,random_region,decoder_attention,,0.3496,0.3498,0.0341,0.2787
1,3,random_region,random_region,hybrid_decoder,,0.5204,0.4854,0.0169,0.414
1,5,random_region_seed0,random_region,labeled_marker,7,0.6117,0.5755,0.0127,0.5344
1,5,random_region_seed0,random_region,vanilla_adaptive_decoder,7,0.5171,0.4903,0.0175,0.4175
1,5,random_region_seed0,random_region,vanilla_adaptive_decoder_wt,7,0.2167,0.2393,0.0541,0.1728
1,5,random_region_seed0,random_region,decoder_2,7,0.6387,0.5966,0.0132,0.5369
1,5,random_region_seed0,random_region,decoder_3,7,0.6249,0.593,0.0141,0.5397
1,5,random_region_seed0,random_region,decoder_attention,7,0.2703,0.2903,0.043,0.2176
1,5,random_region_seed0,random_region,hybrid_decoder,7,0.502,0.473,0.0172,0.4015
1,5,random_region_seed1,random_region,labeled_marker,6,0.6682,0.6165,0.0112,0.5602
1,5,random_region_seed1,random_region,vanilla_adaptive_decoder,6,0.5576,0.5219,0.0151,0.4472
1,5,random_region_seed1,random_region,vanilla_adaptive_decoder_wt,6,0.4094,0.4016,0.0239,0.3277
1,5,random_region_seed1,random_region,decoder_2,6,0.7454,0.6902,0.0099,0.6176
1,5,random_region_seed1,random_region,decoder_3,6,0.7358,0.6872,0.0103,0.6175
1,5,random_region_seed1,random_region,decoder_attention,6,0.4116,0.4026,0.0239,0.3297
1,5,random_region_seed1,random_region,hybrid_decoder,6,0.5949,0.5558,0.014,0.4786
1,5,random_region_seed2,random_region,labeled_marker,6,0.6491,0.6019,0.0117,0.5486
1,5,random_region_seed2,random_region,vanilla_adaptive_decoder,6,0.6314,0.5859,0.0127,0.5118
1,5,random_region_seed2,random_region,vanilla_adaptive_decoder_wt,6,0.3417,0.3486,0.0329,0.2744
1,5,random_region_seed2,random_region,decoder_2,6,0.6915,0.6401,0.0115,0.5754
1,5,random_region_seed2,random_region,decoder_3,6,0.7092,0.6647,0.0113,0.5984
1,5,random_region_seed2,random_region,decoder_attention,6,0.5375,0.5097,0.0169,0.4342
1,5,random_region_seed2,random_region,hybrid_decoder,6,0.6428,0.5978,0.0124,0.5242
1,5,random_region,random_region,labeled_marker,,0.643,0.598,0.0119,0.5477
1,5,random_region,random_region,vanilla_adaptive_decoder,,0.5687,0.5327,0.0151,0.4588
1,5,random_region,random_region,vanilla_adaptive_decoder_wt,,0.3226,0.3298,0.037,0.2583
1,5,random_region,random_region,decoder_2,,0.6919,0.6423,0.0115,0.5766
1,5,random_region,random_region,decoder_3,,0.69,0.6483,0.0119,0.5852
1,5,random_region,random_region,decoder_attention,,0.4065,0.4009,0.028,0.3272
1,5,random_region,random_region,hybrid_decoder,,0.5799,0.5422,0.0146,0.4681
1,10,random_region_seed0,random_region,labeled_marker,11,0.6085,0.5726,0.0131,0.5299
1,10,random_region_seed0,random_region,vanilla_adaptive_decoder,11,0.4572,0.4407,0.0212,0.3683
1,10,random_region_seed0,random_region,vanilla_adaptive_decoder_wt,11,0.1794,0.2049,0.0624,0.1426
1,10,random_region_seed0,random_region,decoder_2,11,0.5904,0.5581,0.0165,0.4996
1,10,random_region_seed0,random_region,decoder_3,11,0.5866,0.5653,0.017,0.5132
1,10,random_region_seed0,random_region,decoder_attention,11,0.259,0.2818,0.0441,0.2084
1,10,random_region_seed0,random_region,hybrid_decoder,11,0.5179,0.487,0.0162,0.4177
1,10,random_region_seed1,random_region,labeled_marker,10,0.5889,0.5574,0.0126,0.5234
1,10,random_region_seed1,random_region,vanilla_adaptive_decoder,10,0.4903,0.4691,0.0176,0.3922
1,10,random_region_seed1,random_region,vanilla_adaptive_decoder_wt,10,0.318,0.3309,0.0352,0.2559
1,10,random_region_seed1,random_region,decoder_2,10,0.611,0.5757,0.0129,0.5317
1,10,random_region_seed1,random_region,decoder_3,10,0.5965,0.5685,0.0138,0.527
1,10,random_region_seed1,random_region,decoder_attention,10,0.324,0.3327,0.033,0.2584
1,10,random_region_seed1,random_region,hybrid_decoder,10,0.5022,0.4752,0.017,0.3985
1,10,random_region_seed2,random_region,labeled_marker,8,0.6572,0.6093,0.012,0.5523
1,10,random_region_seed2,random_region,vanilla_adaptive_decoder,8,0.5745,0.5408,0.0147,0.4672
1,10,random_region_seed2,random_region,vanilla_adaptive_decoder_wt,8,0.2264,0.2497,0.0535,0.1833
1,10,random_region_seed2,random_region,decoder_2,8,0.693,0.6461,0.0118,0.5761
1,10,random_region_seed2,random_region,decoder_3,8,0.6938,0.6576,0.012,0.5906
1,10,random_region_seed2,random_region,decoder_attention,8,0.5394,0.5143,0.0168,0.4408
1,10,random_region_seed2,random_region,hybrid_decoder,8,0.5897,0.5552,0.014,0.4828
1,10,random_region,random_region,labeled_marker,,0.6182,0.5798,0.0126,0.5352
1,10,random_region,random_region,vanilla_adaptive_decoder,,0.5074,0.4835,0.0179,0.4092
1,10,random_region,random_region,vanilla_adaptive_decoder_wt,,0.2413,0.2618,0.0503,0.1939
1,10,random_region,random_region,decoder_2,,0.6315,0.5933,0.0137,0.5358
1,10,random_region,random_region,decoder_3,,0.6256,0.5971,0.0143,0.5436
1,10,random_region,random_region,decoder_attention,,0.3742,0.3763,0.0313,0.3025
1,10,random_region,random_region,hybrid_decoder,,0.5366,0.5058,0.0157,0.433
2,3,random_region_seed0,random_region,labeled_marker,6,0.4805,0.4805,0.0135,0.4805
2,3,random_region_seed0,random_region,vanilla_adaptive_decoder,6,0.3984,0.3925,0.026,0.323
2,3,random_region_seed0,random_region,vanilla_adaptive_decoder_wt,6,0.1611,0.1906,0.0674,0.1289
2,3,random_region_seed0,random_region,decoder_2,6,0.5383,0.5213,0.0181,0.4452
2,3,random_region_seed0,random_region,decoder_3,6,0.4958,0.4971,0.0211,0.4252
2,3,random_region_seed0,random_region,decoder_attention,6,0.1631,0.1896,0.0659,0.1289
2,3,random_region_seed0,random_region,hybrid_decoder,6,0.3212,0.3278,0.0331,0.2565
2,3,random_region_seed1,random_region,labeled_marker,6,0.574,0.5432,0.0127,0.5122
2,3,random_region_seed1,random_region,vanilla_adaptive_decoder,6,0.2743,0.287,0.0349,0.2185
2,3,random_region_seed1,random_region,vanilla_adaptive_decoder_wt,6,0.1821,0.2053,0.0573,0.144
2,3,random_region_seed1,random_region,decoder_2,6,0.5598,0.5396,0.0174,0.4656
2,3,random_region_seed1,random_region,decoder_3,6,0.4919,0.5003,0.0233,0.4348
2,3,random_region_seed1,random_region,decoder_attention,6,0.1751,0.1985,0.0591,0.1385
2,3,random_region_seed1,random_region,hybrid_decoder,6,0.3205,0.3299,0.0315,0.2578
2,3,random_region_seed2,random_region,labeled_marker,5,0.6953,0.6526,0.0121,0.5767
2,3,random_region_seed2,random_region,vanilla_adaptive_decoder,5,0.3985,0.3959,0.0244,0.3195
2,3,random_region_seed2,random_region,vanilla_adaptive_decoder_wt,5,0.1975,0.2227,0.0541,0.1553
2,3,random_region_seed2,random_region,decoder_2,5,0.5869,0.5698,0.016,0.4968
2,3,random_region_seed2,random_region,decoder_3,5,0.5478,0.5438,0.0188,0.4752
2,3,random_region_seed2,random_region,decoder_attention,5,0.1806,0.2068,0.0586,0.1422
2,3,random_region_seed2,random_region,hybrid_decoder,5,0.387,0.3884,0.0258,0.3148
2,3,random_region,random_region,labeled_marker,,0.5832,0.5588,0.0128,0.5231
2,3,random_region,random_region,vanilla_adaptive_decoder,,0.3571,0.3585,0.0284,0.287
2,3,random_region,random_region,vanilla_adaptive_decoder_wt,,0.1802,0.2062,0.0596,0.1427
2,3,random_region,random_region,decoder_2,,0.5617,0.5436,0.0172,0.4692
2,3,random_region,random_region,decoder_3,,0.5118,0.5137,0.0211,0.4451
2,3,random_region,random_region,decoder_attention,,0.1729,0.1983,0.0612,0.1365
2,3,random_region,random_region,hybrid_decoder,,0.3429,0.3487,0.0301,0.2764
2,5,random_region_seed0,random_region,labeled_marker,7,0.5077,0.4961,0.0133,0.4861
2,5,random_region_seed0,random_region,vanilla_adaptive_decoder,7,0.4328,0.4182,0.0224,0.3429
2,5,random_region_seed0,random_region,vanilla_adaptive_decoder_wt,7,0.1771,0.2078,0.0609,0.1409
2,5,random_region_seed0,random_region,decoder_2,7,0.6675,0.6274,0.0124,0.5508
2,5,random_region_seed0,random_region,decoder_3,7,0.6675,0.6407,0.0126,0.569
2,5,random_region_seed0,random_region,decoder_attention,7,0.2622,0.2808,0.0453,0.2089
2,5,random_region_seed0,random_region,hybrid_decoder,7,0.3978,0.3912,0.0256,0.3179
2,5,random_region_seed1,random_region,labeled_marker,7,0.5198,0.508,0.0131,0.497
2,5,random_region_seed1,random_region,vanilla_adaptive_decoder,7,0.3468,0.348,0.0277,0.2772
2,5,random_region_seed1,random_region,vanilla_adaptive_decoder_wt,7,0.2112,0.2338,0.0511,0.1676
2,5,random_region_seed1,random_region,decoder_2,7,0.6499,0.6234,0.014,0.5491
2,5,random_region_seed1,random_region,decoder_3,7,0.6543,0.6392,0.0148,0.5737
2,5,random_region_seed1,random_region,decoder_attention,7,0.1993,0.2225,0.055,0.1586
2,5,random_region_seed1,random_region,hybrid_decoder,7,0.3569,0.3563,0.027,0.2833
2,5,random_region_seed2,random_region,labeled_marker,5,0.698,0.654,0.0119,0.5779
2,5,random_region_seed2,random_region,vanilla_adaptive_decoder,5,0.3985,0.3959,0.0244,0.3195
2,5,random_region_seed2,random_region,vanilla_adaptive_decoder_wt,5,0.1975,0.2227,0.0541,0.1553
2,5,random_region_seed2,random_region,decoder_2,5,0.5954,0.577,0.0156,0.504
2,5,random_region_seed2,random_region,decoder_3,5,0.5543,0.5491,0.0184,0.4806
2,5,random_region_seed2,random_region,decoder_attention,5,0.1806,0.2068,0.0586,0.1422
2,5,random_region_seed2,random_region,hybrid_decoder,5,0.3914,0.3925,0.0258,0.3191
2,5,random_region,random_region,labeled_marker,,0.5752,0.5527,0.0128,0.5203
2,5,random_region,random_region,vanilla_adaptive_decoder,,0.3927,0.3874,0.0248,0.3132
2,5,random_region,random_region,vanilla_adaptive_decoder_wt,,0.1953,0.2214,0.0554,0.1546
2,5,random_region,random_region,decoder_2,,0.6376,0.6093,0.014,0.5347
2,5,random_region,random_region,decoder_3,,0.6254,0.6097,0.0153,0.5411
2,5,random_region,random_region,decoder_attention,,0.214,0.2367,0.053,0.1699
2,5,random_region,random_region,hybrid_decoder,,0.382,0.38,0.0262,0.3068
2,10,random_region_seed0,random_region,labeled_marker,8,0.5597,0.5312,0.0128,0.5038
2,10,random_region_seed0,random_region,vanilla_adaptive_decoder,8,0.4305,0.4174,0.0234,0.3456
2,10,random_region_seed0,random_region,vanilla_adaptive_decoder_wt,8,0.1891,0.2174,0.0617,0.1521
2,10,random_region_seed0,random_region,decoder_2,8,0.6498,0.6171,0.0136,0.5424
2,10,random_region_seed0,random_region,decoder_3,8,0.6083,0.5913,0.0163,0.5211
2,10,random_region_seed0,random_region,decoder_attention,8,0.289,0.302,0.042,0.2292
2,10,random_region_seed0,random_region,hybrid_decoder,8,0.4014,0.3918,0.0259,0.3187
2,10,random_region_seed1,random_region,labeled_marker,10,0.583,0.551,0.0128,0.5164
2,10,random_region_seed1,random_region,vanilla_adaptive_decoder,10,0.3783,0.3791,0.0263,0.3038
2,10,random_region_seed1,random_region,vanilla_adaptive_decoder_wt,10,0.1788,0.2076,0.0602,0.1417
2,10,random_region_seed1,random_region,decoder_2,10,0.6669,0.6279,0.0133,0.558
2,10,random_region_seed1,random_region,decoder_3,10,0.6451,0.6161,0.0147,0.554
2,10,random_region_seed1,random_region,decoder_attention,10,0.2177,0.246,0.051,0.1744
2,10,random_region_seed1,random_region,hybrid_decoder,10,0.3888,0.3889,0.0269,0.3143
2,10,random_region_seed2,random_region,labeled_marker,6,0.6786,0.6308,0.0127,0.5604
2,10,random_region_seed2,random_region,vanilla_adaptive_decoder,6,0.4128,0.4081,0.0247,0.3336
2,10,random_region_seed2,random_region,vanilla_adaptive_decoder_wt,6,0.1787,0.205,0.0628,0.1426
2,10,random_region_seed2,random_region,decoder_2,6,0.5801,0.5693,0.0176,0.4982
2,10,random_region_seed2,random_region,decoder_3,6,0.5278,0.5302,0.021,0.4637
2,10,random_region_seed2,random_region,decoder_attention,6,0.1708,0.1993,0.0638,0.1358
2,10,random_region_seed2,random_region,hybrid_decoder,6,0.3841,0.3881,0.0278,0.3144
2,10,random_region,random_region,labeled_marker,,0.6071,0.571,0.0128,0.5269
2,10,random_region,random_region,vanilla_adaptive_decoder,,0.4072,0.4016,0.0248,0.3277
2,10,random_region,random_region,vanilla_adaptive_decoder_wt,,0.1822,0.21,0.0615,0.1455
2,10,random_region,random_region,decoder_2,,0.6323,0.6048,0.0148,0.5329
2,10,random_region,random_region,decoder_3,,0.5937,0.5792,0.0173,0.5129
2,10,random_region,random_region,decoder_attention,,0.2258,0.2491,0.0523,0.1798
2,10,random_region,random_region,hybrid_decoder,,0.3914,0.3896,0.0269,0.3158
3,3,random_region_seed0,random_region,labeled_marker,4,0.5383,0.5113,0.0152,0.4806
3,3,random_region_seed0,random_region,vanilla_adaptive_decoder,4,0.3968,0.386,0.022,0.3244
3,3,random_region_seed0,random_region,vanilla_adaptive_decoder_wt,4,0.1921,0.2176,0.0555,0.1525
3,3,random_region_seed0,random_region,decoder_2,4,0.5646,0.5464,0.0206,0.4774
3,3,random_region_seed0,random_region,decoder_3,4,0.5416,0.5276,0.0214,0.4708
3,3,random_region_seed0,random_region,decoder_attention,4,0.174,0.1994,0.0619,0.1382
3,3,random_region_seed0,random_region,hybrid_decoder,4,0.3311,0.331,0.0282,0.2685
3,3,random_region_seed1,random_region,labeled_marker,4,0.4264,0.4215,0.0252,0.3477
3,3,random_region_seed1,random_region,vanilla_adaptive_decoder,4,0.371,0.3635,0.023,0.2925
3,3,random_region_seed1,random_region,vanilla_adaptive_decoder_wt,4,0.2426,0.2621,0.0453,0.1937
3,3,random_region_seed1,random_region,decoder_2,4,0.3131,0.3278,0.0381,0.2553
3,3,random_region_seed1,random_region,decoder_3,4,0.258,0.2789,0.0465,0.2118
3,3,random_region_seed1,random_region,decoder_attention,4,0.2287,0.2495,0.0484,0.182
3,3,random_region_seed1,random_region,hybrid_decoder,4,0.3472,0.3483,0.0261,0.275
3,3,random_region_seed2,random_region,labeled_marker,5,0.5257,0.4961,0.0158,0.4439
3,3,random_region_seed2,random_region,vanilla_adaptive_decoder,5,0.3313,0.3217,0.0235,0.2686
3,3,random_region_seed2,random_region,vanilla_adaptive_decoder_wt,5,0.1719,0.1904,0.0503,0.1352
3,3,random_region_seed2,random_region,decoder_2,5,0.4267,0.412,0.0218,0.3561
3,3,random_region_seed2,random_region,decoder_3,5,0.3627,0.3634,0.0268,0.3089
3,3,random_region_seed2,random_region,decoder_attention,5,0.1588,0.178,0.0563,0.125
3,3,random_region_seed2,random_region,hybrid_decoder,5,0.3033,0.2998,0.028,0.2402
3,3,random_region,random_region,labeled_marker,,0.4968,0.4763,0.0187,0.4241
3,3,random_region,random_region,vanilla_adaptive_decoder,,0.3664,0.3571,0.0228,0.2951
3,3,random_region,random_region,vanilla_adaptive_decoder_wt,,0.2022,0.2234,0.0504,0.1605
3,3,random_region,random_region,decoder_2,,0.4348,0.4287,0.0268,0.3629
3,3,random_region,random_region,decoder_3,,0.3874,0.39,0.0316,0.3305
3,3,random_region,random_region,decoder_attention,,0.1872,0.209,0.0555,0.1484
3,3,random_region,random_region,hybrid_decoder,,0.3272,0.3264,0.0275,0.2612
3,5,random_region_seed0,random_region,labeled_marker,4,0.5383,0.5113,0.0152,0.4806
3,5,random_region_seed0,random_region,vanilla_adaptive_decoder,4,0.3968,0.386,0.022,0.3244
3,5,random_region_seed0,random_region,vanilla_adaptive_decoder_wt,4,0.1921,0.2176,0.0555,0.1525
3,5,random_region_seed0,random_region,decoder_2,4,0.5646,0.5464,0.0206,0.4774
3,5,random_region_seed0,random_region,decoder_3,4,0.5416,0.5276,0.0214,0.4708
3,5,random_region_seed0,random_region,decoder_attention,4,0.174,0.1994,0.0619,0.1382
3,5,random_region_seed0,random_region,hybrid_decoder,4,0.3311,0.331,0.0282,0.2685
3,5,random_region_seed1,random_region,labeled_marker,5,0.6835,0.6445,0.0118,0.5743
3,5,random_region_seed1,random_region,vanilla_adaptive_decoder,5,0.4659,0.4474,0.0183,0.378
3,5,random_region_seed1,random_region,vanilla_adaptive_decoder_wt,5,0.285,0.2953,0.0347,0.2284
3,5,random_region_seed1,random_region,decoder_2,5,0.5876,0.57,0.0158,0.4967
3,5,random_region_seed1,random_region,decoder_3,5,0.5898,0.5835,0.0155,0.5175
3,5,random_region_seed1,random_region,decoder_attention,5,0.3133,0.3189,0.0299,0.251
3,5,random_region_seed1,random_region,hybrid_decoder,5,0.4747,0.4542,0.0176,0.3855
3,5,random_region_seed2,random_region,labeled_marker,6,0.6647,0.617,0.0111,0.5673
3,5,random_region_seed2,random_region,vanilla_adaptive_decoder,6,0.3062,0.2982,0.0254,0.2459
3,5,random_region_seed2,random_region,vanilla_adaptive_decoder_wt,6,0.1269,0.1473,0.0656,0.0976
3,5,random_region_seed2,random_region,decoder_2,6,0.6657,0.6284,0.0123,0.5529
3,5,random_region_seed2,random_region,decoder_3,6,0.6036,0.5849,0.0148,0.5141
3,5,random_region_seed2,random_region,decoder_attention,6,0.1073,0.1266,0.0697,0.0821
3,5,random_region_seed2,random_region,hybrid_decoder,6,0.3306,0.3233,0.0261,0.2599
3,5,random_region,random_region,labeled_marker,,0.6289,0.5909,0.0127,0.5407
3,5,random_region,random_region,vanilla_adaptive_decoder,,0.3896,0.3772,0.0219,0.3161
3,5,random_region,random_region,vanilla_adaptive_decoder_wt,,0.2014,0.2201,0.0519,0.1595
3,5,random_region,random_region,decoder_2,,0.606,0.5816,0.0162,0.509
3,5,random_region,random_region,decoder_3,,0.5783,0.5653,0.0173,0.5008
3,5,random_region,random_region,decoder_attention,,0.1982,0.215,0.0538,0.1571
3,5,random_region,random_region,hybrid_decoder,,0.3788,0.3695,0.024,0.3046
3,10,random_region_seed0,random_region,labeled_marker,6,0.6679,0.6187,0.0111,0.5578
3,10,random_region_seed0,random_region,vanilla_adaptive_decoder,6,0.4428,0.4286,0.0205,0.3543
3,10,random_region_seed0,random_region,vanilla_adaptive_decoder_wt,6,0.1946,0.2204,0.0572,0.1548
3,10,random_region_seed0,random_region,decoder_2,6,0.5511,0.5377,0.0168,0.4649
3,10,random_region_seed0,random_region,decoder_3,6,0.4896,0.4928,0.021,0.4235
3,10,random_region_seed0,random_region,decoder_attention,6,0.1597,0.1863,0.0652,0.1262
3,10,random_region_seed0,random_region,hybrid_decoder,6,0.3322,0.3408,0.03,0.2667
3,10,random_region_seed1,random_region,labeled_marker,7,0.6504,0.6058,0.0115,0.5572
3,10,random_region_seed1,random_region,vanilla_adaptive_decoder,7,0.2925,0.2909,0.0281,0.2311
3,10,random_region_seed1,random_region,vanilla_adaptive_decoder_wt,7,0.1987,0.2153,0.0479,0.1565
3,10,random_region_seed1,random_region,decoder_2,7,0.3569,0.3779,0.036,0.3118
3,10,random_region_seed1,random_region,decoder_3,7,0.3489,0.3729,0.0363,0.3122
3,10,random_region_seed1,random_region,decoder_attention,7,0.2178,0.2313,0.04,0.1715
3,10,random_region_seed1,random_region,hybrid_decoder,7,0.3748,0.3693,0.0237,0.2994
3,10,random_region_seed2,random_region,labeled_marker,8,0.6619,0.6153,0.0113,0.5599
3,10,random_region_seed2,random_region,vanilla_adaptive_decoder,8,0.3823,0.3722,0.0224,0.3
3,10,random_region_seed2,random_region,vanilla_adaptive_decoder_wt,8,0.1733,0.1988,0.0585,0.1349
3,10,random_region_seed2,random_region,decoder_2,8,0.5739,0.5442,0.0142,0.4789
3,10,random_region_seed2,random_region,decoder_3,8,0.5285,0.5123,0.0164,0.4507
3,10,random_region_seed2,random_region,decoder_attention,8,0.217,0.2364,0.0461,0.1693
3,10,random_region_seed2,random_region,hybrid_decoder,8,0.3798,0.3765,0.0245,0.3002
3,10,random_region,random_region,labeled_marker,,0.6601,0.6133,0.0113,0.5583
3,10,random_region,random_region,vanilla_adaptive_decoder,,0.3725,0.3639,0.0237,0.2951
3,10,random_region,random_region,vanilla_adaptive_decoder_wt,,0.1889,0.2115,0.0545,0.1488
3,10,random_region,random_region,decoder_2,,0.494,0.4866,0.0223,0.4185
3,10,random_region,random_region,decoder_3,,0.4556,0.4594,0.0246,0.3955
3,10,random_region,random_region,decoder_attention,,0.1982,0.218,0.0504,0.1557
3,10,random_region,random_region,hybrid_decoder,,0.3622,0.3622,0.0261,0.2888
